{
    "version": "1.0.0",
    "plays": [
        {
            "playbook": "/home/student/inventory-variables/site.yml",
            "playbook_uuid": "8ebc0b3c-a044-4493-88cd-c3e458168ce1",
            "play": "Ensuring HAProxy is deployed",
            "play_uuid": "3ea2409c-70f5-5dfa-68dc-000000000006",
            "play_pattern": "lb_servers",
            "name": "Ensuring HAProxy is deployed",
            "pattern": "lb_servers",
            "uuid": "3ea2409c-70f5-5dfa-68dc-000000000006",
            "__play_name": "Ensuring HAProxy is deployed",
            "tasks": []
        },
        {
            "playbook": "/home/student/inventory-variables/site.yml",
            "playbook_uuid": "8ebc0b3c-a044-4493-88cd-c3e458168ce1",
            "play": "Ensuring Apache HTTP Server is deployed",
            "play_uuid": "3ea2409c-70f5-5dfa-68dc-00000000000b",
            "play_pattern": "web_servers",
            "name": "Ensuring Apache HTTP Server is deployed",
            "pattern": "web_servers",
            "uuid": "3ea2409c-70f5-5dfa-68dc-00000000000b",
            "__play_name": "Ensuring Apache HTTP Server is deployed",
            "tasks": []
        },
        {
            "playbook": "/home/student/inventory-variables/site.yml",
            "playbook_uuid": "8ebc0b3c-a044-4493-88cd-c3e458168ce1",
            "play": "Ensuring web content is deployed",
            "play_uuid": "3ea2409c-70f5-5dfa-68dc-000000000010",
            "play_pattern": "web_servers",
            "name": "Ensuring web content is deployed",
            "pattern": "web_servers",
            "uuid": "3ea2409c-70f5-5dfa-68dc-000000000010",
            "__play_name": "Ensuring web content is deployed",
            "tasks": []
        }
    ],
    "stdout": [
        "\u001b[1;35m[WARNING]:  * Failed to parse /home/student/inventory-variables/inventory.yml\u001b[0m",
        "\u001b[1;35mwith auto plugin: We were unable to read either as JSON nor YAML, these are the\u001b[0m",
        "\u001b[1;35merrors we got from each: JSON: Expecting value: line 1 column 1 (char 0)\u001b[0m",
        "\u001b[1;35mSyntax Error while loading YAML.   mapping values are not allowed in this\u001b[0m",
        "\u001b[1;35mcontext  The error appears to be in '/home/student/inventory-\u001b[0m",
        "\u001b[1;35mvariables/inventory.yml': line 4, column 44, but may be elsewhere in the file\u001b[0m",
        "\u001b[1;35mdepending on the exact syntax problem.  The offending line appears to be:\u001b[0m",
        "\u001b[1;35mload_balancer:       ansible_host: servera.lab.example.com:\u001b[0m",
        "\u001b[1;35m^ here\u001b[0m",
        "\u001b[1;35m[WARNING]:  * Failed to parse /home/student/inventory-variables/inventory.yml\u001b[0m",
        "\u001b[1;35mwith yaml plugin: We were unable to read either as JSON nor YAML, these are the\u001b[0m",
        "\u001b[1;35merrors we got from each: JSON: Expecting value: line 1 column 1 (char 0)\u001b[0m",
        "\u001b[1;35mSyntax Error while loading YAML.   mapping values are not allowed in this\u001b[0m",
        "\u001b[1;35mcontext  The error appears to be in '/home/student/inventory-\u001b[0m",
        "\u001b[1;35mvariables/inventory.yml': line 4, column 44, but may be elsewhere in the file\u001b[0m",
        "\u001b[1;35mdepending on the exact syntax problem.  The offending line appears to be:\u001b[0m",
        "\u001b[1;35mload_balancer:       ansible_host: servera.lab.example.com:\u001b[0m",
        "\u001b[1;35m^ here\u001b[0m",
        "\u001b[1;35m[WARNING]:  * Failed to parse /home/student/inventory-variables/inventory.yml\u001b[0m",
        "\u001b[1;35mwith ini plugin: Invalid host pattern 'lb_servers:' supplied, ending in ':' is\u001b[0m",
        "\u001b[1;35mnot allowed, this character is reserved to provide a port.\u001b[0m",
        "\u001b[1;35m[WARNING]: Unable to parse /home/student/inventory-variables/inventory.yml as\u001b[0m",
        "\u001b[1;35man inventory source\u001b[0m",
        "\u001b[1;35m[WARNING]: No inventory was parsed, only implicit localhost is available\u001b[0m",
        "\u001b[1;35m[WARNING]: provided hosts list is empty, only localhost is available. Note that\u001b[0m",
        "\u001b[1;35mthe implicit localhost does not match 'all'\u001b[0m",
        "\u001b[1;35m[WARNING]: Could not match supplied host pattern, ignoring: lb_servers\u001b[0m",
        "",
        "PLAY [Ensuring HAProxy is deployed] ********************************************",
        "\u001b[0;36mskipping: no hosts matched\u001b[0m",
        "\u001b[1;35m[WARNING]: Could not match supplied host pattern, ignoring: web_servers\u001b[0m",
        "",
        "PLAY [Ensuring Apache HTTP Server is deployed] *********************************",
        "\u001b[0;36mskipping: no hosts matched\u001b[0m",
        "",
        "PLAY [Ensuring web content is deployed] ****************************************",
        "\u001b[0;36mskipping: no hosts matched\u001b[0m",
        "",
        "PLAY RECAP *********************************************************************"
    ],
    "status": "successful",
    "status_color": 13
}