{
    "version": "1.0.0",
    "plays": [
        {
            "playbook": "/home/student/git-repos/inventory-review/deploy_webapp.yml",
            "playbook_uuid": "803c85bc-1146-44a8-b2aa-b1066091e81e",
            "play": "Ensure Web App is deployed",
            "play_uuid": "c2a8810a-81d0-8a46-ed0d-000000000008",
            "play_pattern": "web_servers",
            "name": "Ensure Web App is deployed",
            "pattern": "web_servers",
            "uuid": "c2a8810a-81d0-8a46-ed0d-000000000008",
            "__play_name": "Ensure Web App is deployed",
            "tasks": []
        }
    ],
    "stdout": [
        "",
        "PLAY [Ensure Web App is deployed] **********************************************",
        "\u001b[0;31mERROR! failed to combine variables, expected dicts but got a 'dict' and a 'AnsibleUnicode': \u001b[0m",
        "\u001b[0;31m{\"firewall_rules\": [{\"zone\": \"internal\", \"service\": \"http\", \"source\": \"172.25.250.10\"}], \"webapp_message\": \"Hello from {{ inventory_hostname }}\", \"webapp_version\": \"v1.1\"}\u001b[0m",
        "\u001b[0;31m\"webapp_version; v1.1a\"\u001b[0m"
    ],
    "status": "failed",
    "status_color": 9
}