{
    "version": "1.0.0",
    "plays": [
        {
            "playbook": "/home/student/git-repos/task-tagging/site.yml",
            "playbook_uuid": "5318c8e7-6c9b-4bae-9840-c33c4262a5a2",
            "play": "Ensure HAProxy is deployed",
            "play_uuid": "3262a896-059d-434a-3f72-000000000009",
            "play_pattern": "lb_servers",
            "name": "Ensure HAProxy is deployed",
            "pattern": "lb_servers",
            "uuid": "3262a896-059d-434a-3f72-000000000009",
            "__play_name": "Ensure HAProxy is deployed",
            "tasks": []
        },
        {
            "playbook": "/home/student/git-repos/task-tagging/site.yml",
            "playbook_uuid": "5318c8e7-6c9b-4bae-9840-c33c4262a5a2",
            "play": "Ensure Apache is deployed",
            "play_uuid": "3262a896-059d-434a-3f72-00000000001e",
            "play_pattern": "web_servers",
            "name": "Ensure Apache is deployed",
            "pattern": "web_servers",
            "uuid": "3262a896-059d-434a-3f72-00000000001e",
            "__play_name": "Ensure Apache is deployed",
            "tasks": []
        },
        {
            "playbook": "/home/student/git-repos/task-tagging/site.yml",
            "playbook_uuid": "5318c8e7-6c9b-4bae-9840-c33c4262a5a2",
            "play": "Ensure Web App is deployed",
            "play_uuid": "3262a896-059d-434a-3f72-000000000030",
            "play_pattern": "web_servers",
            "name": "Ensure Web App is deployed",
            "pattern": "web_servers",
            "uuid": "3262a896-059d-434a-3f72-000000000030",
            "__play_name": "Ensure Web App is deployed",
            "tasks": []
        },
        {
            "playbook": "/home/student/git-repos/task-tagging/site.yml",
            "playbook_uuid": "5318c8e7-6c9b-4bae-9840-c33c4262a5a2",
            "play": "Web application smoke test",
            "play_uuid": "3262a896-059d-434a-3f72-000000000037",
            "play_pattern": "web_servers",
            "name": "Web application smoke test",
            "pattern": "web_servers",
            "uuid": "3262a896-059d-434a-3f72-000000000037",
            "__play_name": "Web application smoke test",
            "tasks": [
                {
                    "playbook": "/home/student/git-repos/task-tagging/site.yml",
                    "playbook_uuid": "5318c8e7-6c9b-4bae-9840-c33c4262a5a2",
                    "play": "Web application smoke test",
                    "play_uuid": "3262a896-059d-434a-3f72-000000000037",
                    "play_pattern": "web_servers",
                    "task": "Verify content of http;//localhost",
                    "task_uuid": "3262a896-059d-434a-3f72-000000000039",
                    "task_action": "uri",
                    "task_args": "",
                    "task_path": "/home/student/git-repos/task-tagging/test_webapp.yml:6",
                    "host": "serverb.lab.example.com",
                    "uuid": "1730133f-3854-48a6-b541-2ffb1f34a331",
                    "__host": "serverb.lab.example.com",
                    "__result": "OK",
                    "__changed": false,
                    "__duration": "1s",
                    "__number": 0,
                    "__task": "Verify content of http;//localhost",
                    "__task_action": "uri",
                    "remote_addr": "serverb.lab.example.com",
                    "res": {
                        "content": "Hello from serverb.lab.example.com. (version v1.0)\n",
                        "redirected": false,
                        "url": "http://localhost",
                        "status": 200,
                        "date": "Sun, 26 Feb 2023 13:05:45 GMT",
                        "server": "Apache/2.4.37 (Red Hat Enterprise Linux)",
                        "last_modified": "Sun, 26 Feb 2023 13:05:18 GMT",
                        "etag": "\"33-5f59a03a52805\"",
                        "accept_ranges": "bytes",
                        "content_length": "51",
                        "connection": "close",
                        "content_type": "text/html; charset=UTF-8",
                        "cookies_string": "",
                        "cookies": {},
                        "msg": "OK (51 bytes)",
                        "elapsed": 0,
                        "changed": false,
                        "invocation": {
                            "module_args": {
                                "url": "http://localhost",
                                "return_content": true,
                                "force": false,
                                "http_agent": "ansible-httpget",
                                "use_proxy": true,
                                "validate_certs": true,
                                "force_basic_auth": false,
                                "use_gssapi": false,
                                "body_format": "raw",
                                "method": "GET",
                                "follow_redirects": "safe",
                                "status_code": [
                                    200
                                ],
                                "timeout": 30,
                                "headers": {},
                                "remote_src": false,
                                "unsafe_writes": false,
                                "url_username": null,
                                "url_password": null,
                                "client_cert": null,
                                "client_key": null,
                                "dest": null,
                                "body": null,
                                "src": null,
                                "creates": null,
                                "removes": null,
                                "unix_socket": null,
                                "ca_path": null,
                                "mode": null,
                                "owner": null,
                                "group": null,
                                "seuser": null,
                                "serole": null,
                                "selevel": null,
                                "setype": null,
                                "attributes": null
                            }
                        },
                        "ansible_facts": {
                            "discovered_interpreter_python": "/usr/libexec/platform-python"
                        },
                        "_ansible_no_log": false,
                        "failed_when_result": false
                    },
                    "start": "2023-02-26T13:05:44.898566",
                    "end": "2023-02-26T13:05:45.953551",
                    "duration": 1.054985,
                    "event_loop": null
                },
                {
                    "playbook": "/home/student/git-repos/task-tagging/site.yml",
                    "playbook_uuid": "5318c8e7-6c9b-4bae-9840-c33c4262a5a2",
                    "play": "Web application smoke test",
                    "play_uuid": "3262a896-059d-434a-3f72-000000000037",
                    "play_pattern": "web_servers",
                    "task": "Verify content of http;//localhost",
                    "task_uuid": "3262a896-059d-434a-3f72-000000000039",
                    "task_action": "uri",
                    "task_args": "",
                    "task_path": "/home/student/git-repos/task-tagging/test_webapp.yml:6",
                    "host": "serverc.lab.example.com",
                    "uuid": "1c78acdd-9f8e-485d-b877-2db028b0d592",
                    "__host": "serverc.lab.example.com",
                    "__result": "OK",
                    "__changed": false,
                    "__duration": "1s",
                    "__number": 1,
                    "__task": "Verify content of http;//localhost",
                    "__task_action": "uri",
                    "remote_addr": "serverc.lab.example.com",
                    "res": {
                        "content": "Hello from serverc.lab.example.com. (version v1.0)\n",
                        "redirected": false,
                        "url": "http://localhost",
                        "status": 200,
                        "date": "Sun, 26 Feb 2023 13:05:45 GMT",
                        "server": "Apache/2.4.37 (Red Hat Enterprise Linux)",
                        "last_modified": "Sun, 26 Feb 2023 13:05:18 GMT",
                        "etag": "\"33-5f59a03a51001\"",
                        "accept_ranges": "bytes",
                        "content_length": "51",
                        "connection": "close",
                        "content_type": "text/html; charset=UTF-8",
                        "cookies_string": "",
                        "cookies": {},
                        "msg": "OK (51 bytes)",
                        "elapsed": 0,
                        "changed": false,
                        "invocation": {
                            "module_args": {
                                "url": "http://localhost",
                                "return_content": true,
                                "force": false,
                                "http_agent": "ansible-httpget",
                                "use_proxy": true,
                                "validate_certs": true,
                                "force_basic_auth": false,
                                "use_gssapi": false,
                                "body_format": "raw",
                                "method": "GET",
                                "follow_redirects": "safe",
                                "status_code": [
                                    200
                                ],
                                "timeout": 30,
                                "headers": {},
                                "remote_src": false,
                                "unsafe_writes": false,
                                "url_username": null,
                                "url_password": null,
                                "client_cert": null,
                                "client_key": null,
                                "dest": null,
                                "body": null,
                                "src": null,
                                "creates": null,
                                "removes": null,
                                "unix_socket": null,
                                "ca_path": null,
                                "mode": null,
                                "owner": null,
                                "group": null,
                                "seuser": null,
                                "serole": null,
                                "selevel": null,
                                "setype": null,
                                "attributes": null
                            }
                        },
                        "ansible_facts": {
                            "discovered_interpreter_python": "/usr/libexec/platform-python"
                        },
                        "_ansible_no_log": false,
                        "failed_when_result": false
                    },
                    "start": "2023-02-26T13:05:44.915373",
                    "end": "2023-02-26T13:05:45.946464",
                    "duration": 1.031091,
                    "event_loop": null
                }
            ]
        }
    ],
    "stdout": [
        "",
        "PLAY [Ensure HAProxy is deployed] **********************************************",
        "",
        "PLAY [Ensure Apache is deployed] ***********************************************",
        "",
        "PLAY [Ensure Web App is deployed] **********************************************",
        "",
        "PLAY [Web application smoke test] **********************************************",
        "",
        "TASK [Verify content of http;//localhost] **************************************",
        "\u001b[0;32mok: [serverc.lab.example.com]\u001b[0m",
        "\u001b[0;32mok: [serverb.lab.example.com]\u001b[0m",
        "",
        "PLAY RECAP *********************************************************************",
        "\u001b[0;32mserverb.lab.example.com\u001b[0m    : \u001b[0;32mok=1   \u001b[0m changed=0    unreachable=0    failed=0    skipped=0    rescued=0    ignored=0   ",
        "\u001b[0;32mserverc.lab.example.com\u001b[0m    : \u001b[0;32mok=1   \u001b[0m changed=0    unreachable=0    failed=0    skipped=0    rescued=0    ignored=0   "
    ],
    "status": "successful",
    "status_color": 10
}