{
    "version": "1.0.0",
    "plays": [
        {
            "playbook": "/home/student/git-repos/task-tagging/site.yml",
            "playbook_uuid": "3852fbd1-21fd-4953-b45e-6b92c2197471",
            "play": "Ensure HAProxy is deployed",
            "play_uuid": "b28f8fdf-eccf-9f1e-04bf-000000000009",
            "play_pattern": "lb_servers",
            "name": "Ensure HAProxy is deployed",
            "pattern": "lb_servers",
            "uuid": "b28f8fdf-eccf-9f1e-04bf-000000000009",
            "__play_name": "Ensure HAProxy is deployed",
            "tasks": []
        },
        {
            "playbook": "/home/student/git-repos/task-tagging/site.yml",
            "playbook_uuid": "3852fbd1-21fd-4953-b45e-6b92c2197471",
            "play": "Ensure Apache is deployed",
            "play_uuid": "b28f8fdf-eccf-9f1e-04bf-00000000001e",
            "play_pattern": "web_servers",
            "name": "Ensure Apache is deployed",
            "pattern": "web_servers",
            "uuid": "b28f8fdf-eccf-9f1e-04bf-00000000001e",
            "__play_name": "Ensure Apache is deployed",
            "tasks": []
        },
        {
            "playbook": "/home/student/git-repos/task-tagging/site.yml",
            "playbook_uuid": "3852fbd1-21fd-4953-b45e-6b92c2197471",
            "play": "Ensure Web App is deployed",
            "play_uuid": "b28f8fdf-eccf-9f1e-04bf-000000000030",
            "play_pattern": "web_servers",
            "name": "Ensure Web App is deployed",
            "pattern": "web_servers",
            "uuid": "b28f8fdf-eccf-9f1e-04bf-000000000030",
            "__play_name": "Ensure Web App is deployed",
            "tasks": []
        },
        {
            "playbook": "/home/student/git-repos/task-tagging/site.yml",
            "playbook_uuid": "3852fbd1-21fd-4953-b45e-6b92c2197471",
            "play": "Web application smoke test",
            "play_uuid": "b28f8fdf-eccf-9f1e-04bf-000000000037",
            "play_pattern": "web_servers",
            "name": "Web application smoke test",
            "pattern": "web_servers",
            "uuid": "b28f8fdf-eccf-9f1e-04bf-000000000037",
            "__play_name": "Web application smoke test",
            "tasks": [
                {
                    "playbook": "/home/student/git-repos/task-tagging/site.yml",
                    "playbook_uuid": "3852fbd1-21fd-4953-b45e-6b92c2197471",
                    "play": "Web application smoke test",
                    "play_uuid": "b28f8fdf-eccf-9f1e-04bf-000000000037",
                    "play_pattern": "web_servers",
                    "task": "Verify content of http;//localhost",
                    "task_uuid": "b28f8fdf-eccf-9f1e-04bf-000000000039",
                    "task_action": "uri",
                    "task_args": "",
                    "task_path": "/home/student/git-repos/task-tagging/test_webapp.yml:6",
                    "host": "serverb.lab.example.com",
                    "uuid": "ce87fafd-fa7d-463b-8d18-f3d713c7ff4f",
                    "__host": "serverb.lab.example.com",
                    "__result": "FAILED",
                    "__changed": false,
                    "__duration": "0s",
                    "__number": 0,
                    "__task": "Verify content of http;//localhost",
                    "__task_action": "uri",
                    "remote_addr": "serverb.lab.example.com",
                    "res": {
                        "content": "",
                        "redirected": false,
                        "url": "http://localhost",
                        "status": -1,
                        "elapsed": 0,
                        "changed": false,
                        "msg": "Status code was -1 and not [200]: Request failed: <urlopen error [Errno 111] Connection refused>",
                        "invocation": {
                            "module_args": {
                                "url": "http://localhost",
                                "return_content": true,
                                "force": false,
                                "http_agent": "ansible-httpget",
                                "use_proxy": true,
                                "validate_certs": true,
                                "force_basic_auth": false,
                                "use_gssapi": false,
                                "body_format": "raw",
                                "method": "GET",
                                "follow_redirects": "safe",
                                "status_code": [
                                    200
                                ],
                                "timeout": 30,
                                "headers": {},
                                "remote_src": false,
                                "unsafe_writes": false,
                                "url_username": null,
                                "url_password": null,
                                "client_cert": null,
                                "client_key": null,
                                "dest": null,
                                "body": null,
                                "src": null,
                                "creates": null,
                                "removes": null,
                                "unix_socket": null,
                                "ca_path": null,
                                "mode": null,
                                "owner": null,
                                "group": null,
                                "seuser": null,
                                "serole": null,
                                "selevel": null,
                                "setype": null,
                                "attributes": null
                            }
                        },
                        "ansible_facts": {
                            "discovered_interpreter_python": "/usr/libexec/platform-python"
                        },
                        "_ansible_no_log": false,
                        "failed_when_result": true
                    },
                    "start": "2023-02-26T13:03:55.971445",
                    "end": "2023-02-26T13:03:56.963940",
                    "duration": 0.992495,
                    "ignore_errors": null,
                    "event_loop": null
                },
                {
                    "playbook": "/home/student/git-repos/task-tagging/site.yml",
                    "playbook_uuid": "3852fbd1-21fd-4953-b45e-6b92c2197471",
                    "play": "Web application smoke test",
                    "play_uuid": "b28f8fdf-eccf-9f1e-04bf-000000000037",
                    "play_pattern": "web_servers",
                    "task": "Verify content of http;//localhost",
                    "task_uuid": "b28f8fdf-eccf-9f1e-04bf-000000000039",
                    "task_action": "uri",
                    "task_args": "",
                    "task_path": "/home/student/git-repos/task-tagging/test_webapp.yml:6",
                    "host": "serverc.lab.example.com",
                    "uuid": "c6f9efbb-e5d2-44ac-b0cc-45530176318d",
                    "__host": "serverc.lab.example.com",
                    "__result": "FAILED",
                    "__changed": false,
                    "__duration": "0s",
                    "__number": 1,
                    "__task": "Verify content of http;//localhost",
                    "__task_action": "uri",
                    "remote_addr": "serverc.lab.example.com",
                    "res": {
                        "content": "",
                        "redirected": false,
                        "url": "http://localhost",
                        "status": -1,
                        "elapsed": 0,
                        "changed": false,
                        "msg": "Status code was -1 and not [200]: Request failed: <urlopen error [Errno 111] Connection refused>",
                        "invocation": {
                            "module_args": {
                                "url": "http://localhost",
                                "return_content": true,
                                "force": false,
                                "http_agent": "ansible-httpget",
                                "use_proxy": true,
                                "validate_certs": true,
                                "force_basic_auth": false,
                                "use_gssapi": false,
                                "body_format": "raw",
                                "method": "GET",
                                "follow_redirects": "safe",
                                "status_code": [
                                    200
                                ],
                                "timeout": 30,
                                "headers": {},
                                "remote_src": false,
                                "unsafe_writes": false,
                                "url_username": null,
                                "url_password": null,
                                "client_cert": null,
                                "client_key": null,
                                "dest": null,
                                "body": null,
                                "src": null,
                                "creates": null,
                                "removes": null,
                                "unix_socket": null,
                                "ca_path": null,
                                "mode": null,
                                "owner": null,
                                "group": null,
                                "seuser": null,
                                "serole": null,
                                "selevel": null,
                                "setype": null,
                                "attributes": null
                            }
                        },
                        "ansible_facts": {
                            "discovered_interpreter_python": "/usr/libexec/platform-python"
                        },
                        "_ansible_no_log": false,
                        "failed_when_result": true
                    },
                    "start": "2023-02-26T13:03:55.994512",
                    "end": "2023-02-26T13:03:56.949260",
                    "duration": 0.954748,
                    "ignore_errors": null,
                    "event_loop": null
                }
            ]
        }
    ],
    "stdout": [
        "",
        "PLAY [Ensure HAProxy is deployed] **********************************************",
        "",
        "PLAY [Ensure Apache is deployed] ***********************************************",
        "",
        "PLAY [Ensure Web App is deployed] **********************************************",
        "",
        "PLAY [Web application smoke test] **********************************************",
        "",
        "TASK [Verify content of http;//localhost] **************************************",
        "\u001b[0;31mfatal: [serverc.lab.example.com]: FAILED! => {\"ansible_facts\": {\"discovered_interpreter_python\": \"/usr/libexec/platform-python\"}, \"changed\": false, \"content\": \"\", \"elapsed\": 0, \"failed_when_result\": true, \"msg\": \"Status code was -1 and not [200]: Request failed: <urlopen error [Errno 111] Connection refused>\", \"redirected\": false, \"status\": -1, \"url\": \"http://localhost\"}\u001b[0m",
        "\u001b[0;31mfatal: [serverb.lab.example.com]: FAILED! => {\"ansible_facts\": {\"discovered_interpreter_python\": \"/usr/libexec/platform-python\"}, \"changed\": false, \"content\": \"\", \"elapsed\": 0, \"failed_when_result\": true, \"msg\": \"Status code was -1 and not [200]: Request failed: <urlopen error [Errno 111] Connection refused>\", \"redirected\": false, \"status\": -1, \"url\": \"http://localhost\"}\u001b[0m",
        "",
        "PLAY RECAP *********************************************************************",
        "\u001b[0;31mserverb.lab.example.com\u001b[0m    : ok=0    changed=0    unreachable=0    \u001b[0;31mfailed=1   \u001b[0m skipped=0    rescued=0    ignored=0   ",
        "\u001b[0;31mserverc.lab.example.com\u001b[0m    : ok=0    changed=0    unreachable=0    \u001b[0;31mfailed=1   \u001b[0m skipped=0    rescued=0    ignored=0   "
    ],
    "status": "failed",
    "status_color": 9
}