{
 "files": [
  {
   "name": ".",
   "ftype": "dir",
   "chksum_type": null,
   "chksum_sha256": null,
   "format": 1
  },
  {
   "name": "LICENSE",
   "ftype": "file",
   "chksum_type": "sha256",
   "chksum_sha256": "3972dc9744f6499f0f9b2dbf76696f2ae7ad8af9b23dde66d6af86c9dfb36986",
   "format": 1
  },
  {
   "name": ".gitignore",
   "ftype": "file",
   "chksum_type": "sha256",
   "chksum_sha256": "c68f4100f7f923dd7e15403829b2a53852d8f167a53d42ff8b814e5ca39cc7f2",
   "format": 1
  },
  {
   "name": "docs",
   "ftype": "dir",
   "chksum_type": null,
   "chksum_sha256": null,
   "format": 1
  },
  {
   "name": "docs/ansible.utils.private_test.rst",
   "ftype": "file",
   "chksum_type": "sha256",
   "chksum_sha256": "5693aad69a8af5c3ad0bc0c1f0a90abebe12b9217c0ee1bf8c234a8da3333a3c",
   "format": 1
  },
  {
   "name": "docs/ansible.utils.ipv4_hostmask_test.rst",
   "ftype": "file",
   "chksum_type": "sha256",
   "chksum_sha256": "af57eaca7b6abb32af60c245e00187c827312369d93639bad18aa9c41b0aa3c8",
   "format": 1
  },
  {
   "name": "docs/ansible.utils.ipv4_netmask_test.rst",
   "ftype": "file",
   "chksum_type": "sha256",
   "chksum_sha256": "ca0669ac6ab7377154f2c0427528f0e7f760f76de1f0439de14440fa903785cf",
   "format": 1
  },
  {
   "name": "docs/ansible.utils.ipv6_address_test.rst",
   "ftype": "file",
   "chksum_type": "sha256",
   "chksum_sha256": "5f94fb73c22b05cca94583bac1768868c0f2e3063bc31dedbfd00dc6c165ad93",
   "format": 1
  },
  {
   "name": "docs/ansible.utils.validate_lookup.rst",
   "ftype": "file",
   "chksum_type": "sha256",
   "chksum_sha256": "60b5d24ed346f24a8dbfbb4352a140b247882ab81bcdb23f5369429ae253f4c3",
   "format": 1
  },
  {
   "name": "docs/ansible.utils.validate_module.rst",
   "ftype": "file",
   "chksum_type": "sha256",
   "chksum_sha256": "9b005d88cdbe0adfba6acf6a421d4b9ca81dc4a507aa39eee6a83be1eba35088",
   "format": 1
  },
  {
   "name": "docs/ansible.utils.validate_filter.rst",
   "ftype": "file",
   "chksum_type": "sha256",
   "chksum_sha256": "890165c04b146234c0936350feb37f490b1e63be1006b123f9c1879c3c6dd50c",
   "format": 1
  },
  {
   "name": "docs/ansible.utils.from_xml_filter.rst",
   "ftype": "file",
   "chksum_type": "sha256",
   "chksum_sha256": "214a57a9de2f0108a1564755d0c21fb90ebd23cd27819b29b61aa59003beb19b",
   "format": 1
  },
  {
   "name": "docs/ansible.utils.loopback_test.rst",
   "ftype": "file",
   "chksum_type": "sha256",
   "chksum_sha256": "348bd97ee3a6e6e9cb01b909adc36037bcf6bc53d131e75443c7c34dc31bf901",
   "format": 1
  },
  {
   "name": "docs/ansible.utils.to_paths_lookup.rst",
   "ftype": "file",
   "chksum_type": "sha256",
   "chksum_sha256": "84263ba522643165f83cd64bbf90d7ac1470db1638daca08f74e431236769113",
   "format": 1
  },
  {
   "name": "docs/ansible.utils.usable_range_filter.rst",
   "ftype": "file",
   "chksum_type": "sha256",
   "chksum_sha256": "3201ff911fa6cedd29a6887f726089e3a89eb79db871e88214776a454acda550",
   "format": 1
  },
  {
   "name": "docs/ansible.utils.ipv6_test.rst",
   "ftype": "file",
   "chksum_type": "sha256",
   "chksum_sha256": "20d3cc2a7308bc8f2c4c1fb096439f1aed7c9ca19431812d180295364e51ba08",
   "format": 1
  },
  {
   "name": "docs/ansible.utils.ip_test.rst",
   "ftype": "file",
   "chksum_type": "sha256",
   "chksum_sha256": "aeebec85621e50b68a18e6f231c150314533cd58998a69547a03fa561f85fe29",
   "format": 1
  },
  {
   "name": "docs/ansible.utils.cli_parse_module.rst",
   "ftype": "file",
   "chksum_type": "sha256",
   "chksum_sha256": "5d81436369b4e869f29dc40a39ee868a530e2e8cf46013102269c32281e29395",
   "format": 1
  },
  {
   "name": "docs/ansible.utils.multicast_test.rst",
   "ftype": "file",
   "chksum_type": "sha256",
   "chksum_sha256": "da3c4fb45b10cced9528b3c3d0cef2a7cf084d987ea9171f25fd77c1f379a77f",
   "format": 1
  },
  {
   "name": "docs/ansible.utils.in_one_network_test.rst",
   "ftype": "file",
   "chksum_type": "sha256",
   "chksum_sha256": "3079328636c4449013053ec7d8dd0744b8f0e4a7ffaf7f87e5e9b4003b2964b0",
   "format": 1
  },
  {
   "name": "docs/ansible.utils.ipv4_address_test.rst",
   "ftype": "file",
   "chksum_type": "sha256",
   "chksum_sha256": "2c1a4d63d892fc8525069dbae304ece8990b7e08afbe4e1c043dd2f3f96b2a96",
   "format": 1
  },
  {
   "name": "docs/ansible.utils.fact_diff_module.rst",
   "ftype": "file",
   "chksum_type": "sha256",
   "chksum_sha256": "a287cb67d2bf8e849206c80e81f2b3091c2dce20c3212e1e0a0f5a0c3bb34d2e",
   "format": 1
  },
  {
   "name": "docs/ansible.utils.in_any_network_test.rst",
   "ftype": "file",
   "chksum_type": "sha256",
   "chksum_sha256": "825a8210a254aec7828af962080a91cfab1f3a305f4d771db4be028cf0915d75",
   "format": 1
  },
  {
   "name": "docs/ansible.utils.resolvable_test.rst",
   "ftype": "file",
   "chksum_type": "sha256",
   "chksum_sha256": "c2a69b09bbe4f317619a4cebb377557bd78e66aebec8375c787617a985d09ace",
   "format": 1
  },
  {
   "name": "docs/ansible.utils.index_of_filter.rst",
   "ftype": "file",
   "chksum_type": "sha256",
   "chksum_sha256": "53483dfa4e07b6c6cef54ab59d5f198dcd542bec0984fd4ea32cb158c6a97875",
   "format": 1
  },
  {
   "name": "docs/ansible.utils.mac_test.rst",
   "ftype": "file",
   "chksum_type": "sha256",
   "chksum_sha256": "ac67f8dfb22dde120953ee78f11aadda17dc23432cb5df2511a29759c7d05a05",
   "format": 1
  },
  {
   "name": "docs/ansible.utils.to_xml_filter.rst",
   "ftype": "file",
   "chksum_type": "sha256",
   "chksum_sha256": "39f8ceef19e831e6aff85a8fc318e5eefc6a0c0f6209d00d8ba8fe785015cd78",
   "format": 1
  },
  {
   "name": "docs/ansible.utils.update_fact_module.rst",
   "ftype": "file",
   "chksum_type": "sha256",
   "chksum_sha256": "b9b308b66b1be8783cd153860bd438e3e727742123a8cd24fa81c36cee4c3851",
   "format": 1
  },
  {
   "name": "docs/ansible.utils.reserved_test.rst",
   "ftype": "file",
   "chksum_type": "sha256",
   "chksum_sha256": "5d22fe215d26c7fa441eb8a3565dfd9fb4cef9252ed3717f2abfd08e3c716575",
   "format": 1
  },
  {
   "name": "docs/ansible.utils.ipv6_ipv4_mapped_test.rst",
   "ftype": "file",
   "chksum_type": "sha256",
   "chksum_sha256": "61e34ffc19cb210086ced9f6501317c39bc1eba87fc4d87eefdaf6be6c84098c",
   "format": 1
  },
  {
   "name": "docs/ansible.utils.subnet_of_test.rst",
   "ftype": "file",
   "chksum_type": "sha256",
   "chksum_sha256": "03ed54d501eae8a7b11986402eb591bbdf30c9ecb2845906ef4c2594aa71438b",
   "format": 1
  },
  {
   "name": "docs/ansible.utils.supernet_of_test.rst",
   "ftype": "file",
   "chksum_type": "sha256",
   "chksum_sha256": "ac975801baadee41d4c167058fd4c094f97ae0389608260a7ff63f0d8e5aa038",
   "format": 1
  },
  {
   "name": "docs/ansible.utils.validate_test.rst",
   "ftype": "file",
   "chksum_type": "sha256",
   "chksum_sha256": "81f6e37b6f9275cd8bb1240a7bfa7a8fcefbb744b68c027ab922321d4547d91f",
   "format": 1
  },
  {
   "name": "docs/ansible.utils.param_list_compare_filter.rst",
   "ftype": "file",
   "chksum_type": "sha256",
   "chksum_sha256": "47e1cda53a8d981c1f3b3171b01e2ccfef2ebb9511e88f0dd86b41ac5f91b140",
   "format": 1
  },
  {
   "name": "docs/ansible.utils.index_of_lookup.rst",
   "ftype": "file",
   "chksum_type": "sha256",
   "chksum_sha256": "d84ef7a85fcef296a14aa3b0b2129b2d50009f8f9839607f7557c0ed7cd0559a",
   "format": 1
  },
  {
   "name": "docs/ansible.utils.get_path_filter.rst",
   "ftype": "file",
   "chksum_type": "sha256",
   "chksum_sha256": "4faa78d07bfe61ecc8c92239778c21fb3eb5ec747977ff63242dfad419659b7a",
   "format": 1
  },
  {
   "name": "docs/ansible.utils.in_network_test.rst",
   "ftype": "file",
   "chksum_type": "sha256",
   "chksum_sha256": "adb3e751b24a3288b5454a31735e6c1914e7ade6820cb013d9bbf4ebba8e7fba",
   "format": 1
  },
  {
   "name": "docs/ansible.utils.ipv6_sixtofour_test.rst",
   "ftype": "file",
   "chksum_type": "sha256",
   "chksum_sha256": "d91d7436c2c4659468d26a7b0664d49d0034260219643d6bf595bb23c5187914",
   "format": 1
  },
  {
   "name": "docs/ansible.utils.to_paths_filter.rst",
   "ftype": "file",
   "chksum_type": "sha256",
   "chksum_sha256": "ff2c83c72aa94b3c2441948b94f9a9c629b3690682dac3aa1e37eba5c3cfefec",
   "format": 1
  },
  {
   "name": "docs/ansible.utils.unspecified_test.rst",
   "ftype": "file",
   "chksum_type": "sha256",
   "chksum_sha256": "25a198a028c4deb3617be143fc4045c69120854d5f7f8aeddbcd475e3a2a6a24",
   "format": 1
  },
  {
   "name": "docs/ansible.utils.ipv4_test.rst",
   "ftype": "file",
   "chksum_type": "sha256",
   "chksum_sha256": "09d1bcc1127c63f99c756a695751151f2b8f2dfa6bc49b6f26c68fc076f585ad",
   "format": 1
  },
  {
   "name": "docs/ansible.utils.ip_address_test.rst",
   "ftype": "file",
   "chksum_type": "sha256",
   "chksum_sha256": "2c9236754b0f68bcb21ec675046ffbc9620d9f27ecc9054035dc8490a9957ae7",
   "format": 1
  },
  {
   "name": "docs/ansible.utils.get_path_lookup.rst",
   "ftype": "file",
   "chksum_type": "sha256",
   "chksum_sha256": "f98f8ccea5d603280ff933928be4fa06a90a2334ea0fbd5f8e2c0d22407688a5",
   "format": 1
  },
  {
   "name": "docs/ansible.utils.public_test.rst",
   "ftype": "file",
   "chksum_type": "sha256",
   "chksum_sha256": "3e07eb88a659927d836b73e009df51d8fcdb1f865258d6e24604b541e975a2af",
   "format": 1
  },
  {
   "name": "docs/ansible.utils.ipv6_teredo_test.rst",
   "ftype": "file",
   "chksum_type": "sha256",
   "chksum_sha256": "0d4d27088ac98acc49a2a3d8d15ddcda54d412d171f8ea35da4dd034ed9c380c",
   "format": 1
  },
  {
   "name": "requirements.txt",
   "ftype": "file",
   "chksum_type": "sha256",
   "chksum_sha256": "a4e6521d32c916c33c57b27f50a09a35dd2d0ab51cc575c2ba4e71777103ebee",
   "format": 1
  },
  {
   "name": "README.md",
   "ftype": "file",
   "chksum_type": "sha256",
   "chksum_sha256": "7c93a444761b4e2e8547ba880d214bc55f6df520ef3295ca1c9058ebbaef2142",
   "format": 1
  },
  {
   "name": "tox.ini",
   "ftype": "file",
   "chksum_type": "sha256",
   "chksum_sha256": "949672a3e9378ce20d76338eaa86e3d4277703c786b0db756e26380ca5dc810e",
   "format": 1
  },
  {
   "name": "meta",
   "ftype": "dir",
   "chksum_type": null,
   "chksum_sha256": null,
   "format": 1
  },
  {
   "name": "meta/runtime.yml",
   "ftype": "file",
   "chksum_type": "sha256",
   "chksum_sha256": "df18179bb2f5447a56ac92261a911649b96821c0b2c08eea62d5cc6b0195203f",
   "format": 1
  },
  {
   "name": "tests",
   "ftype": "dir",
   "chksum_type": null,
   "chksum_sha256": null,
   "format": 1
  },
  {
   "name": "tests/unit",
   "ftype": "dir",
   "chksum_type": null,
   "chksum_sha256": null,
   "format": 1
  },
  {
   "name": "tests/unit/requirements.txt",
   "ftype": "file",
   "chksum_type": "sha256",
   "chksum_sha256": "370a9de7a0ed951bf9ed8d1db08bb4b1023eaa211d2a641faf5116c7876e0b1f",
   "format": 1
  },
  {
   "name": "tests/unit/compat",
   "ftype": "dir",
   "chksum_type": null,
   "chksum_sha256": null,
   "format": 1
  },
  {
   "name": "tests/unit/compat/__init__.py",
   "ftype": "file",
   "chksum_type": "sha256",
   "chksum_sha256": "e3b0c44298fc1c149afbf4c8996fb92427ae41e4649b934ca495991b7852b855",
   "format": 1
  },
  {
   "name": "tests/unit/compat/unittest.py",
   "ftype": "file",
   "chksum_type": "sha256",
   "chksum_sha256": "3ed698b1faec43d87a2c1ebcb15a2aae48b09ff355bb9a598e5f5a1c928dbb30",
   "format": 1
  },
  {
   "name": "tests/unit/compat/builtins.py",
   "ftype": "file",
   "chksum_type": "sha256",
   "chksum_sha256": "ba13a350ade8ef804336f888d5883b8e54f8bddfb9d0fadc10277a8ca6540f4e",
   "format": 1
  },
  {
   "name": "tests/unit/compat/mock.py",
   "ftype": "file",
   "chksum_type": "sha256",
   "chksum_sha256": "65d232e01e0a1883512f8da1dee31a393425c64fa9379fce683b9017e0399e17",
   "format": 1
  },
  {
   "name": "tests/unit/plugins",
   "ftype": "dir",
   "chksum_type": null,
   "chksum_sha256": null,
   "format": 1
  },
  {
   "name": "tests/unit/plugins/lookup",
   "ftype": "dir",
   "chksum_type": null,
   "chksum_sha256": null,
   "format": 1
  },
  {
   "name": "tests/unit/plugins/lookup/test_validate.py",
   "ftype": "file",
   "chksum_type": "sha256",
   "chksum_sha256": "299503f6d292cabeccc080df96c26597bbd9c7ef7e7bb93455b27b1000de6b55",
   "format": 1
  },
  {
   "name": "tests/unit/plugins/action",
   "ftype": "dir",
   "chksum_type": null,
   "chksum_sha256": null,
   "format": 1
  },
  {
   "name": "tests/unit/plugins/action/test_cli_parse.py",
   "ftype": "file",
   "chksum_type": "sha256",
   "chksum_sha256": "8faf8a7395b63dfa910aa844bedf27b30ae4d976a1c4ef9ac11bb91d4ca1a1ce",
   "format": 1
  },
  {
   "name": "tests/unit/plugins/action/test_validate.py",
   "ftype": "file",
   "chksum_type": "sha256",
   "chksum_sha256": "de66fc6d8d5a81c8a60c1f01e7361090f0f7da4663301554a535d88b896fbda8",
   "format": 1
  },
  {
   "name": "tests/unit/plugins/action/test_fact_diff.py",
   "ftype": "file",
   "chksum_type": "sha256",
   "chksum_sha256": "fa0db851234e84010d6fe003b9f76a4b3c648c630c36f706e4dbb922878c8d32",
   "format": 1
  },
  {
   "name": "tests/unit/plugins/action/test_update_fact.py",
   "ftype": "file",
   "chksum_type": "sha256",
   "chksum_sha256": "e968f44db49507d126959a50d8914c29ad543ba2f72fdc6486cf93228cfcc5ff",
   "format": 1
  },
  {
   "name": "tests/unit/plugins/action/fixtures",
   "ftype": "dir",
   "chksum_type": null,
   "chksum_sha256": null,
   "format": 1
  },
  {
   "name": "tests/unit/plugins/action/fixtures/nxos_empty_parser.textfsm",
   "ftype": "file",
   "chksum_type": "sha256",
   "chksum_sha256": "e3b0c44298fc1c149afbf4c8996fb92427ae41e4649b934ca495991b7852b855",
   "format": 1
  },
  {
   "name": "tests/unit/plugins/action/fixtures/nxos_show_version.textfsm",
   "ftype": "file",
   "chksum_type": "sha256",
   "chksum_sha256": "a43d22b3a39174cdecc292f455723837a6dd4573af671ab7439cce2d362f0f1c",
   "format": 1
  },
  {
   "name": "tests/unit/plugins/action/fixtures/nxos_show_version.txt",
   "ftype": "file",
   "chksum_type": "sha256",
   "chksum_sha256": "c676697706af9e222e6f310b8b8a9e489d87452d4fe88528564e03647c99c838",
   "format": 1
  },
  {
   "name": "tests/unit/plugins/filter",
   "ftype": "dir",
   "chksum_type": null,
   "chksum_sha256": null,
   "format": 1
  },
  {
   "name": "tests/unit/plugins/filter/test_validate.py",
   "ftype": "file",
   "chksum_type": "sha256",
   "chksum_sha256": "1e2b39a6b90ef435a8bdfd475ecdfa5265cffcf14e2969b92d01ccc73430484c",
   "format": 1
  },
  {
   "name": "tests/unit/plugins/filter/test_usable_range.py",
   "ftype": "file",
   "chksum_type": "sha256",
   "chksum_sha256": "2778c72bb4cba5e30dd8e706e03270f2b954744081d22d6ba9e4910c52ce9a15",
   "format": 1
  },
  {
   "name": "tests/unit/plugins/filter/test_from_xml.py",
   "ftype": "file",
   "chksum_type": "sha256",
   "chksum_sha256": "33f6a7037f1a4ab18da68b88adffbac236bfd4d2386db5f06832ede3c2615083",
   "format": 1
  },
  {
   "name": "tests/unit/plugins/filter/test_to_xml.py",
   "ftype": "file",
   "chksum_type": "sha256",
   "chksum_sha256": "ffac94cb17c25e3aa1bbba96d14b3769d8bbe5af9748c5429ec566e152f8c5db",
   "format": 1
  },
  {
   "name": "tests/unit/plugins/filter/test_param_list_compare.py",
   "ftype": "file",
   "chksum_type": "sha256",
   "chksum_sha256": "2b33e321edb2dd7637371b2ef32732d0a0fbd57be157415e98b561a5e8b73218",
   "format": 1
  },
  {
   "name": "tests/unit/plugins/sub_plugins",
   "ftype": "dir",
   "chksum_type": null,
   "chksum_sha256": null,
   "format": 1
  },
  {
   "name": "tests/unit/plugins/sub_plugins/cli_parsers",
   "ftype": "dir",
   "chksum_type": null,
   "chksum_sha256": null,
   "format": 1
  },
  {
   "name": "tests/unit/plugins/sub_plugins/cli_parsers/test_ttp_parser.py",
   "ftype": "file",
   "chksum_type": "sha256",
   "chksum_sha256": "488c9894dd5cb8cb9f8c5af40b1111069e170b9220acbbb53a7ec36d9fa78eb7",
   "format": 1
  },
  {
   "name": "tests/unit/plugins/sub_plugins/cli_parsers/test_textfsm_parser.py",
   "ftype": "file",
   "chksum_type": "sha256",
   "chksum_sha256": "d21655c82c9aa6bbdac0a908ffd1e74cba6b957f78887198e80ea9bee62b0ac4",
   "format": 1
  },
  {
   "name": "tests/unit/plugins/sub_plugins/cli_parsers/test_json_parser.py",
   "ftype": "file",
   "chksum_type": "sha256",
   "chksum_sha256": "00c5df2c6ec75666f56cb2f1204b4eb7a727547614e197da97490fcca2405c67",
   "format": 1
  },
  {
   "name": "tests/unit/plugins/sub_plugins/cli_parsers/test_xml_parser.py",
   "ftype": "file",
   "chksum_type": "sha256",
   "chksum_sha256": "090fef29c4566848efd2083e17b95089755d19d7296d40df8e637b114a5eb4c6",
   "format": 1
  },
  {
   "name": "tests/unit/plugins/sub_plugins/cli_parsers/fixtures",
   "ftype": "dir",
   "chksum_type": null,
   "chksum_sha256": null,
   "format": 1
  },
  {
   "name": "tests/unit/plugins/sub_plugins/cli_parsers/fixtures/ios_show_ip_interface_brief.cfg",
   "ftype": "file",
   "chksum_type": "sha256",
   "chksum_sha256": "cf7860ac3fe8175f2a062881ecc52f977f14fdcf92ae1a60df68edda493f645a",
   "format": 1
  },
  {
   "name": "tests/unit/plugins/sub_plugins/cli_parsers/fixtures/nxos_show_version.cfg",
   "ftype": "file",
   "chksum_type": "sha256",
   "chksum_sha256": "2ca10c8c928c6f1d41df10693f1ceff60c2f88f5b0b224e3ea5002656d773839",
   "format": 1
  },
  {
   "name": "tests/unit/plugins/sub_plugins/cli_parsers/fixtures/nxos_show_version.textfsm",
   "ftype": "file",
   "chksum_type": "sha256",
   "chksum_sha256": "e0ad0e83aca80d858e8c7301094b1c67e260223cf650af013980461928429916",
   "format": 1
  },
  {
   "name": "tests/unit/plugins/sub_plugins/cli_parsers/fixtures/nxos_show_version.ttp",
   "ftype": "file",
   "chksum_type": "sha256",
   "chksum_sha256": "339ae58f48ada56e6af94c22143e847616ff32857946050d676a80cd97228bbf",
   "format": 1
  },
  {
   "name": "tests/unit/plugins/sub_plugins/cli_parsers/fixtures/nxos_show_version_invalid.textfsm",
   "ftype": "file",
   "chksum_type": "sha256",
   "chksum_sha256": "70efa127c6437e5a9428fb9701dad0e5bdf1425f0ad87c4d18ff3a4042154bc8",
   "format": 1
  },
  {
   "name": "tests/unit/plugins/test",
   "ftype": "dir",
   "chksum_type": null,
   "chksum_sha256": null,
   "format": 1
  },
  {
   "name": "tests/unit/plugins/test/test_ipv6_sixtofour.py",
   "ftype": "file",
   "chksum_type": "sha256",
   "chksum_sha256": "7d62ab716e4270d3dce92d11b37794857dd8c6781f668b97f715db5bdb193fba",
   "format": 1
  },
  {
   "name": "tests/unit/plugins/test/test_reserved.py",
   "ftype": "file",
   "chksum_type": "sha256",
   "chksum_sha256": "e059a87276311bab2f7fbbb2127a8d95f5059e658daeeaf316829bfd5c626858",
   "format": 1
  },
  {
   "name": "tests/unit/plugins/test/test_mac.py",
   "ftype": "file",
   "chksum_type": "sha256",
   "chksum_sha256": "d9a75108bca4b39fe4267b21d0b8d0c85a5ff571e0fd1e273a67e295669dfa35",
   "format": 1
  },
  {
   "name": "tests/unit/plugins/test/test_in_network.py",
   "ftype": "file",
   "chksum_type": "sha256",
   "chksum_sha256": "3abeb3d3a7256a8bcec03d0bbea9668f50b7c4c5017a13cb4d0782440f921164",
   "format": 1
  },
  {
   "name": "tests/unit/plugins/test/test_ipv6_address.py",
   "ftype": "file",
   "chksum_type": "sha256",
   "chksum_sha256": "c7e881e44f2e0796686f663d077597b52a1181ff292ea2f8ee17586012f7d4c4",
   "format": 1
  },
  {
   "name": "tests/unit/plugins/test/test_ipv6.py",
   "ftype": "file",
   "chksum_type": "sha256",
   "chksum_sha256": "dfffc77e53d96493a3e3ea1673839b35e317fac2ad414dfda62590df3800d6c5",
   "format": 1
  },
  {
   "name": "tests/unit/plugins/test/test_ipv6_ipv4_mapped.py",
   "ftype": "file",
   "chksum_type": "sha256",
   "chksum_sha256": "f4a0501b096b4f9473283fda373624ffb7aa14f96547cda609006b487cb9d298",
   "format": 1
  },
  {
   "name": "tests/unit/plugins/test/test_validate.py",
   "ftype": "file",
   "chksum_type": "sha256",
   "chksum_sha256": "87f98bd8a44cc3d2fcb99f0b187d8227b235f8ebf106abbd9139e6202fa64037",
   "format": 1
  },
  {
   "name": "tests/unit/plugins/test/test_ip.py",
   "ftype": "file",
   "chksum_type": "sha256",
   "chksum_sha256": "04dc59b4e6b9adea54f4403dac02699ca1371e00c3e89cd7e9c4c391df7b1dca",
   "format": 1
  },
  {
   "name": "tests/unit/plugins/test/test_ipv4_hostmask.py",
   "ftype": "file",
   "chksum_type": "sha256",
   "chksum_sha256": "728a4b9f52804d7c3648c9a3d3cea761f2d17e2bd33d570aec5b89bab90057ec",
   "format": 1
  },
  {
   "name": "tests/unit/plugins/test/test_ipv4_netmask.py",
   "ftype": "file",
   "chksum_type": "sha256",
   "chksum_sha256": "1037c7745d731f008e0002ea8d15aaec03edbc1d5369bbba296e935a847f48b1",
   "format": 1
  },
  {
   "name": "tests/unit/plugins/test/test_resolvable.py",
   "ftype": "file",
   "chksum_type": "sha256",
   "chksum_sha256": "c008a3684e9473d1617eab9a694de1169397f6a62346a5d4b708964f548e1bcd",
   "format": 1
  },
  {
   "name": "tests/unit/plugins/test/test_private.py",
   "ftype": "file",
   "chksum_type": "sha256",
   "chksum_sha256": "5a1e4352c59bd7553843b44ce0fb3002a5862baf72011c9f29c5846bea8f32e7",
   "format": 1
  },
  {
   "name": "tests/unit/plugins/test/test_multicast.py",
   "ftype": "file",
   "chksum_type": "sha256",
   "chksum_sha256": "7b535add3c9b7af74fa8226215fe504057b167b7d9657786e0d89b593e6bc183",
   "format": 1
  },
  {
   "name": "tests/unit/plugins/test/test_in_one_network.py",
   "ftype": "file",
   "chksum_type": "sha256",
   "chksum_sha256": "2060d54db793f3a161fa8167e09069530b5bfa1e49d1165cb37e28ea80cfb795",
   "format": 1
  },
  {
   "name": "tests/unit/plugins/test/test_public.py",
   "ftype": "file",
   "chksum_type": "sha256",
   "chksum_sha256": "54d2a55d91b9cf7a20ba29284adf2466471bed9107ec3dad2514d49e044bcf39",
   "format": 1
  },
  {
   "name": "tests/unit/plugins/test/test_ipv6_teredo.py",
   "ftype": "file",
   "chksum_type": "sha256",
   "chksum_sha256": "1854194eca9e5c50031f3d194f049c71f05522cc5d13417bc6c98cac5aec9611",
   "format": 1
  },
  {
   "name": "tests/unit/plugins/test/test_ipv4.py",
   "ftype": "file",
   "chksum_type": "sha256",
   "chksum_sha256": "fb0defd0a7c8aebc1dc8ac4a35ab02e2e01a24a0683f4e3b1dbaef4230466696",
   "format": 1
  },
  {
   "name": "tests/unit/plugins/test/test_subnet_of.py",
   "ftype": "file",
   "chksum_type": "sha256",
   "chksum_sha256": "dce2476bdad55d6f40ccb0d91e68225cf254926eefeb5f858ac9ffeaa50cb8f4",
   "format": 1
  },
  {
   "name": "tests/unit/plugins/test/test_in_any_network.py",
   "ftype": "file",
   "chksum_type": "sha256",
   "chksum_sha256": "94ed072292c61b9dcaaf823dd18608d9e16b6f58d4a0d69ae52e16b6a6869db0",
   "format": 1
  },
  {
   "name": "tests/unit/plugins/test/test_unspecified.py",
   "ftype": "file",
   "chksum_type": "sha256",
   "chksum_sha256": "5a82509da0d529c064989fb480cc98e856b1aa2ba3138450e4439550dbedf528",
   "format": 1
  },
  {
   "name": "tests/unit/plugins/test/test_ip_address.py",
   "ftype": "file",
   "chksum_type": "sha256",
   "chksum_sha256": "860c50cae993dda0f6a0c706ecdbcaa31487b28069ca01aeefe6f464af786e69",
   "format": 1
  },
  {
   "name": "tests/unit/plugins/test/test_ipv4_address.py",
   "ftype": "file",
   "chksum_type": "sha256",
   "chksum_sha256": "007ec7628147ac5d815c6a2fb6e66e009351c4e0c0561f5ce942acec5ef0b3a2",
   "format": 1
  },
  {
   "name": "tests/unit/plugins/test/test_supernet_of.py",
   "ftype": "file",
   "chksum_type": "sha256",
   "chksum_sha256": "2b8a3583d0018b4f05e3d13a902147717703771d2ead721ac6df930e4451deba",
   "format": 1
  },
  {
   "name": "tests/unit/plugins/test/test_loopback.py",
   "ftype": "file",
   "chksum_type": "sha256",
   "chksum_sha256": "1cc8aadc7a570770aed11ab6e43fd51ab0d1ac4c0edd295545cff0d95fcdb57f",
   "format": 1
  },
  {
   "name": "tests/unit/mock",
   "ftype": "dir",
   "chksum_type": null,
   "chksum_sha256": null,
   "format": 1
  },
  {
   "name": "tests/unit/mock/__init__.py",
   "ftype": "file",
   "chksum_type": "sha256",
   "chksum_sha256": "e3b0c44298fc1c149afbf4c8996fb92427ae41e4649b934ca495991b7852b855",
   "format": 1
  },
  {
   "name": "tests/unit/mock/vault_helper.py",
   "ftype": "file",
   "chksum_type": "sha256",
   "chksum_sha256": "feae23166b6eb502f7d9b77c314970516c9a99aaad7de01295b4dfdad53c5c09",
   "format": 1
  },
  {
   "name": "tests/unit/mock/loader.py",
   "ftype": "file",
   "chksum_type": "sha256",
   "chksum_sha256": "0cfbf4c710a5d5725f84d5f34ab76ec1a0e853397cd945c90fd97769f89dddc5",
   "format": 1
  },
  {
   "name": "tests/unit/mock/path.py",
   "ftype": "file",
   "chksum_type": "sha256",
   "chksum_sha256": "57fabd18af9ec077b8a4201260d683a5550e5c0d79c35d35375f7dc5375cb2ff",
   "format": 1
  },
  {
   "name": "tests/unit/mock/procenv.py",
   "ftype": "file",
   "chksum_type": "sha256",
   "chksum_sha256": "adcaf9c10269e51c9fd39e7eab276c6b95dc113004bac57375986df86f8bfd1d",
   "format": 1
  },
  {
   "name": "tests/unit/mock/yaml_helper.py",
   "ftype": "file",
   "chksum_type": "sha256",
   "chksum_sha256": "94e2f3c867d2582c9f7a0e99e544718e355025c4a51c9925e70158fa89b3609e",
   "format": 1
  },
  {
   "name": "tests/unit/module_utils",
   "ftype": "dir",
   "chksum_type": null,
   "chksum_sha256": null,
   "format": 1
  },
  {
   "name": "tests/unit/module_utils/test_dict_merge.py",
   "ftype": "file",
   "chksum_type": "sha256",
   "chksum_sha256": "941ca990560b4801852ef3c85820499cbac5ee8d9a5994a4657c63b79a6eff07",
   "format": 1
  },
  {
   "name": "tests/unit/module_utils/test_index_of.py",
   "ftype": "file",
   "chksum_type": "sha256",
   "chksum_sha256": "b4a5267cea142a48c674e5e8faab4d916a5e55627330e6fb4dc34114647d6546",
   "format": 1
  },
  {
   "name": "tests/unit/module_utils/test_get_path.py",
   "ftype": "file",
   "chksum_type": "sha256",
   "chksum_sha256": "a5d4ff264f974eb05c39b29b1c867d3401bad3c84212d513385fcd7cd0d0f73a",
   "format": 1
  },
  {
   "name": "tests/unit/module_utils/test_argspec_validate.py",
   "ftype": "file",
   "chksum_type": "sha256",
   "chksum_sha256": "f0cfb3cae5dec761c27d68dce26e20419b43fb520190aeb17be9c371ecc7ae25",
   "format": 1
  },
  {
   "name": "tests/unit/module_utils/test_to_paths.py",
   "ftype": "file",
   "chksum_type": "sha256",
   "chksum_sha256": "fb3076a347e8a48fbd7432fa4667f27a4ca69177de73cc7ef956e1b24bbacc93",
   "format": 1
  },
  {
   "name": "tests/unit/module_utils/fixtures",
   "ftype": "dir",
   "chksum_type": null,
   "chksum_sha256": null,
   "format": 1
  },
  {
   "name": "tests/unit/module_utils/fixtures/large.json",
   "ftype": "file",
   "chksum_type": "sha256",
   "chksum_sha256": "f6f470c2d9df4c58e9b2bdf85a21347c39962563494cf5280a21fa819c3968f2",
   "format": 1
  },
  {
   "name": "tests/unit/module_utils/fixtures/docstring.py",
   "ftype": "file",
   "chksum_type": "sha256",
   "chksum_sha256": "1f147714958e065abe3622fa3e94ee26f70d06212de8cdbe54210c28a4e71b02",
   "format": 1
  },
  {
   "name": "tests/unit/module_utils/test_sort_list.py",
   "ftype": "file",
   "chksum_type": "sha256",
   "chksum_sha256": "77f0aa2cd69396653b66de03eb7d2f4540e96d65bda7d796f39ce77ee8fbbc96",
   "format": 1
  },
  {
   "name": "tests/integration",
   "ftype": "dir",
   "chksum_type": null,
   "chksum_sha256": null,
   "format": 1
  },
  {
   "name": "tests/integration/requirements.txt",
   "ftype": "file",
   "chksum_type": "sha256",
   "chksum_sha256": "5df2d2faae6e2218929d31b8cec770fa8184ecd1e7d44a5855372115a58cbf45",
   "format": 1
  },
  {
   "name": "tests/integration/targets",
   "ftype": "dir",
   "chksum_type": null,
   "chksum_sha256": null,
   "format": 1
  },
  {
   "name": "tests/integration/targets/utils_to_xml",
   "ftype": "dir",
   "chksum_type": null,
   "chksum_sha256": null,
   "format": 1
  },
  {
   "name": "tests/integration/targets/utils_to_xml/tasks",
   "ftype": "dir",
   "chksum_type": null,
   "chksum_sha256": null,
   "format": 1
  },
  {
   "name": "tests/integration/targets/utils_to_xml/tasks/main.yaml",
   "ftype": "file",
   "chksum_type": "sha256",
   "chksum_sha256": "1f7884a7825f7b684642f29efcc98dc1d425aa7b9ffccdfa8e20b180bcb91905",
   "format": 1
  },
  {
   "name": "tests/integration/targets/utils_to_xml/tasks/simple.yaml",
   "ftype": "file",
   "chksum_type": "sha256",
   "chksum_sha256": "3df6d77097d33d1cde15d84faf336b8a6467fadeffc2c83a6647ef4bdb7ab32f",
   "format": 1
  },
  {
   "name": "tests/integration/targets/utils_to_paths",
   "ftype": "dir",
   "chksum_type": null,
   "chksum_sha256": null,
   "format": 1
  },
  {
   "name": "tests/integration/targets/utils_to_paths/tasks",
   "ftype": "dir",
   "chksum_type": null,
   "chksum_sha256": null,
   "format": 1
  },
  {
   "name": "tests/integration/targets/utils_to_paths/tasks/main.yaml",
   "ftype": "file",
   "chksum_type": "sha256",
   "chksum_sha256": "1f7884a7825f7b684642f29efcc98dc1d425aa7b9ffccdfa8e20b180bcb91905",
   "format": 1
  },
  {
   "name": "tests/integration/targets/utils_to_paths/tasks/simple.yaml",
   "ftype": "file",
   "chksum_type": "sha256",
   "chksum_sha256": "7944c1759f6379b9282d4a467a31394391ec7035afe069c794b12d2d39fd32fa",
   "format": 1
  },
  {
   "name": "tests/integration/targets/utils_to_paths/tasks/examples_lookup.yaml",
   "ftype": "file",
   "chksum_type": "sha256",
   "chksum_sha256": "abe3770c82bcd934770cfb98df9fc15f9a09a93833d7c136457b00636ad92416",
   "format": 1
  },
  {
   "name": "tests/integration/targets/utils_to_paths/tasks/empty_members.yaml",
   "ftype": "file",
   "chksum_type": "sha256",
   "chksum_sha256": "409d82840752327741b87bfc350025501532cee29b7f454d836b8f922b37e669",
   "format": 1
  },
  {
   "name": "tests/integration/targets/utils_to_paths/tasks/examples_filter.yaml",
   "ftype": "file",
   "chksum_type": "sha256",
   "chksum_sha256": "ccbca874aab2dcf122ab8024035f947e851ff1fc96ce69e37949c8bfefab24b2",
   "format": 1
  },
  {
   "name": "tests/integration/targets/utils_to_paths/tasks/argspec.yaml",
   "ftype": "file",
   "chksum_type": "sha256",
   "chksum_sha256": "2ebf399c9915f47abe6013f02c914244e19402394caec922cf23d43c24fd7170",
   "format": 1
  },
  {
   "name": "tests/integration/targets/utils_update_fact",
   "ftype": "dir",
   "chksum_type": null,
   "chksum_sha256": null,
   "format": 1
  },
  {
   "name": "tests/integration/targets/utils_update_fact/tasks",
   "ftype": "dir",
   "chksum_type": null,
   "chksum_sha256": null,
   "format": 1
  },
  {
   "name": "tests/integration/targets/utils_update_fact/tasks/main.yaml",
   "ftype": "file",
   "chksum_type": "sha256",
   "chksum_sha256": "928360fee0c1f0176dbd718dfe44ef495d5cb9258daf031af61cd81649a1cd6c",
   "format": 1
  },
  {
   "name": "tests/integration/targets/utils_index_of",
   "ftype": "dir",
   "chksum_type": null,
   "chksum_sha256": null,
   "format": 1
  },
  {
   "name": "tests/integration/targets/utils_index_of/tasks",
   "ftype": "dir",
   "chksum_type": null,
   "chksum_sha256": null,
   "format": 1
  },
  {
   "name": "tests/integration/targets/utils_index_of/tasks/main.yaml",
   "ftype": "file",
   "chksum_type": "sha256",
   "chksum_sha256": "1f7884a7825f7b684642f29efcc98dc1d425aa7b9ffccdfa8e20b180bcb91905",
   "format": 1
  },
  {
   "name": "tests/integration/targets/utils_index_of/tasks/simple.yaml",
   "ftype": "file",
   "chksum_type": "sha256",
   "chksum_sha256": "d2c09ed828c70dca1aa5c10dd6fced801105cca360c6821c5d6e901770d5fb3c",
   "format": 1
  },
  {
   "name": "tests/integration/targets/utils_index_of/tasks/examples_lookup.yaml",
   "ftype": "file",
   "chksum_type": "sha256",
   "chksum_sha256": "e9394ba47dbe2f5198a46f8bc0d8ab6246d55cee1df7cfd460180369045ab907",
   "format": 1
  },
  {
   "name": "tests/integration/targets/utils_index_of/tasks/examples_filter.yaml",
   "ftype": "file",
   "chksum_type": "sha256",
   "chksum_sha256": "7879df806c8cbab52c7bc25307b73301a301fe137023ae5ded315b772354c324",
   "format": 1
  },
  {
   "name": "tests/integration/targets/utils_index_of/tasks/argspec.yaml",
   "ftype": "file",
   "chksum_type": "sha256",
   "chksum_sha256": "4bba194424b679a6cb6f8c0f8f72a9de37cebdb9f1f106dcacd15bb706fa6e65",
   "format": 1
  },
  {
   "name": "tests/integration/targets/utils_validate",
   "ftype": "dir",
   "chksum_type": null,
   "chksum_sha256": null,
   "format": 1
  },
  {
   "name": "tests/integration/targets/utils_validate/tasks",
   "ftype": "dir",
   "chksum_type": null,
   "chksum_sha256": null,
   "format": 1
  },
  {
   "name": "tests/integration/targets/utils_validate/tasks/lookup.yaml",
   "ftype": "file",
   "chksum_type": "sha256",
   "chksum_sha256": "faff40550ba3ad7e2206f56b369f400d5cf43257606cab31cd846603227774fb",
   "format": 1
  },
  {
   "name": "tests/integration/targets/utils_validate/tasks/main.yaml",
   "ftype": "file",
   "chksum_type": "sha256",
   "chksum_sha256": "1f7884a7825f7b684642f29efcc98dc1d425aa7b9ffccdfa8e20b180bcb91905",
   "format": 1
  },
  {
   "name": "tests/integration/targets/utils_validate/tasks/test.yaml",
   "ftype": "file",
   "chksum_type": "sha256",
   "chksum_sha256": "f0cd9c3a479b90afd5f637905e7fd26f10f5b666ce009176b82ea63c3b6b7212",
   "format": 1
  },
  {
   "name": "tests/integration/targets/utils_validate/tasks/filter.yaml",
   "ftype": "file",
   "chksum_type": "sha256",
   "chksum_sha256": "3020662a7ba527ed4f30a611576a1da8a551efe8165f41c177708e2ad0c9a78d",
   "format": 1
  },
  {
   "name": "tests/integration/targets/utils_validate/tasks/module.yaml",
   "ftype": "file",
   "chksum_type": "sha256",
   "chksum_sha256": "fbdd04cc7cb71b149f92c63b34ee4083b60681fe08a155085c8d0efe12567586",
   "format": 1
  },
  {
   "name": "tests/integration/targets/utils_validate/vars",
   "ftype": "dir",
   "chksum_type": null,
   "chksum_sha256": null,
   "format": 1
  },
  {
   "name": "tests/integration/targets/utils_validate/vars/main.yaml",
   "ftype": "file",
   "chksum_type": "sha256",
   "chksum_sha256": "47d48078ef3a7a3a16f42da94672de1d78ab7c9ba66cc425c65ca4344525d2ca",
   "format": 1
  },
  {
   "name": "tests/integration/targets/utils_validate/files",
   "ftype": "dir",
   "chksum_type": null,
   "chksum_sha256": null,
   "format": 1
  },
  {
   "name": "tests/integration/targets/utils_validate/files/data",
   "ftype": "dir",
   "chksum_type": null,
   "chksum_sha256": null,
   "format": 1
  },
  {
   "name": "tests/integration/targets/utils_validate/files/data/show_interface.json",
   "ftype": "file",
   "chksum_type": "sha256",
   "chksum_sha256": "e9d872c87bec35f958131f5a57469184dcb8364000a3fd2c764e698b0f7e7148",
   "format": 1
  },
  {
   "name": "tests/integration/targets/utils_validate/files/data/test_list_data.json",
   "ftype": "file",
   "chksum_type": "sha256",
   "chksum_sha256": "acc07b62f23f458923737c4cd4a66bd05d1e71eb4f384003baaf2dcc760d6349",
   "format": 1
  },
  {
   "name": "tests/integration/targets/utils_validate/files/data/test_format_checker.json",
   "ftype": "file",
   "chksum_type": "sha256",
   "chksum_sha256": "3a43598399b233f8d134f6f63ef45844227f9d4f7f892fceabf372ef945c426c",
   "format": 1
  },
  {
   "name": "tests/integration/targets/utils_validate/files/criteria",
   "ftype": "dir",
   "chksum_type": null,
   "chksum_sha256": null,
   "format": 1
  },
  {
   "name": "tests/integration/targets/utils_validate/files/criteria/format_checker.json",
   "ftype": "file",
   "chksum_type": "sha256",
   "chksum_sha256": "b8600b5faf9e9c1b09724813ca26272644efd53d450072719dd9c5dfdf6869be",
   "format": 1
  },
  {
   "name": "tests/integration/targets/utils_validate/files/criteria/enabled_check.json",
   "ftype": "file",
   "chksum_type": "sha256",
   "chksum_sha256": "56079eeff40c9f70d0b161f1d387d744d7dbc2f702abd8e0e3e950bd87e9fd65",
   "format": 1
  },
  {
   "name": "tests/integration/targets/utils_validate/files/criteria/crc_error_check.json",
   "ftype": "file",
   "chksum_type": "sha256",
   "chksum_sha256": "56e6297966a261e72a85ca6212510d6a17d24fba68f8dd26fc953ff68d6cc3e1",
   "format": 1
  },
  {
   "name": "tests/integration/targets/utils_validate/files/criteria/check_list_data.json",
   "ftype": "file",
   "chksum_type": "sha256",
   "chksum_sha256": "21e92502ac1f8815e12804f8df2048136f01ce9ea823630d7d2f76ebb7ca7fb5",
   "format": 1
  },
  {
   "name": "tests/integration/targets/utils_validate/files/criteria/oper_status_up.json",
   "ftype": "file",
   "chksum_type": "sha256",
   "chksum_sha256": "4078683637eb077d51c77fd826736ba8ee2743d30140271f7a108276c56a829b",
   "format": 1
  },
  {
   "name": "tests/integration/targets/utils_validate/files/criteria/in_rate_check.json",
   "ftype": "file",
   "chksum_type": "sha256",
   "chksum_sha256": "0c93a09d376c1fadf11a56f781b421dbea01d18b0520f47390b656ae6363bc0a",
   "format": 1
  },
  {
   "name": "tests/integration/targets/utils_usable_range",
   "ftype": "dir",
   "chksum_type": null,
   "chksum_sha256": null,
   "format": 1
  },
  {
   "name": "tests/integration/targets/utils_usable_range/tasks",
   "ftype": "dir",
   "chksum_type": null,
   "chksum_sha256": null,
   "format": 1
  },
  {
   "name": "tests/integration/targets/utils_usable_range/tasks/argspec.yml",
   "ftype": "file",
   "chksum_type": "sha256",
   "chksum_sha256": "6bfbd9208a55c99e2db9e8710c4b37a4036ca884b3e19706c87dcad948c368a7",
   "format": 1
  },
  {
   "name": "tests/integration/targets/utils_usable_range/tasks/main.yml",
   "ftype": "file",
   "chksum_type": "sha256",
   "chksum_sha256": "1f7884a7825f7b684642f29efcc98dc1d425aa7b9ffccdfa8e20b180bcb91905",
   "format": 1
  },
  {
   "name": "tests/integration/targets/utils_usable_range/tasks/example_filter.yml",
   "ftype": "file",
   "chksum_type": "sha256",
   "chksum_sha256": "324142702d8c75bcf427e8081bc28c80e0fa07f3d37845944819de633bfb7818",
   "format": 1
  },
  {
   "name": "tests/integration/targets/utils_usable_range/vars",
   "ftype": "dir",
   "chksum_type": null,
   "chksum_sha256": null,
   "format": 1
  },
  {
   "name": "tests/integration/targets/utils_usable_range/vars/main.yml",
   "ftype": "file",
   "chksum_type": "sha256",
   "chksum_sha256": "cb30024867cbb7d7176c4459c7c6f1c798967e788af4b537789305cbf9659ba1",
   "format": 1
  },
  {
   "name": "tests/integration/targets/utils_get_path",
   "ftype": "dir",
   "chksum_type": null,
   "chksum_sha256": null,
   "format": 1
  },
  {
   "name": "tests/integration/targets/utils_get_path/tasks",
   "ftype": "dir",
   "chksum_type": null,
   "chksum_sha256": null,
   "format": 1
  },
  {
   "name": "tests/integration/targets/utils_get_path/tasks/main.yaml",
   "ftype": "file",
   "chksum_type": "sha256",
   "chksum_sha256": "1f7884a7825f7b684642f29efcc98dc1d425aa7b9ffccdfa8e20b180bcb91905",
   "format": 1
  },
  {
   "name": "tests/integration/targets/utils_get_path/tasks/simple.yaml",
   "ftype": "file",
   "chksum_type": "sha256",
   "chksum_sha256": "15d95dae10d03b36457d282e014b451332e1b7e6658b8feeb7525cc1a0a73506",
   "format": 1
  },
  {
   "name": "tests/integration/targets/utils_get_path/tasks/examples_lookup.yaml",
   "ftype": "file",
   "chksum_type": "sha256",
   "chksum_sha256": "e1b3aa24b5c98c3903ccc525c1b07defc1f76f32899441b4993d668d68cc0c92",
   "format": 1
  },
  {
   "name": "tests/integration/targets/utils_get_path/tasks/examples_filter.yaml",
   "ftype": "file",
   "chksum_type": "sha256",
   "chksum_sha256": "2425b9f90df1aa7e568fa5e69ca9bca2cfb8cf9568eac5a00b265b810e7bcb58",
   "format": 1
  },
  {
   "name": "tests/integration/targets/utils_get_path/tasks/argspec.yaml",
   "ftype": "file",
   "chksum_type": "sha256",
   "chksum_sha256": "3c1e714f7a91fba17d0339c05833f2fb2142f4364d3d7f20d75745b18b231d35",
   "format": 1
  },
  {
   "name": "tests/integration/targets/utils_cli_parse",
   "ftype": "dir",
   "chksum_type": null,
   "chksum_sha256": null,
   "format": 1
  },
  {
   "name": "tests/integration/targets/utils_cli_parse/tasks",
   "ftype": "dir",
   "chksum_type": null,
   "chksum_sha256": null,
   "format": 1
  },
  {
   "name": "tests/integration/targets/utils_cli_parse/tasks/nxos_json.yaml",
   "ftype": "file",
   "chksum_type": "sha256",
   "chksum_sha256": "bdb73a153514ae75f05a2960d4c9cda1788e24ff72ddc561328f8cdb485c5c27",
   "format": 1
  },
  {
   "name": "tests/integration/targets/utils_cli_parse/tasks/main.yaml",
   "ftype": "file",
   "chksum_type": "sha256",
   "chksum_sha256": "88fde876a6f605b4b2b0d3fff8a3219f9261cdc0f06f09175e074b29a77f4ea8",
   "format": 1
  },
  {
   "name": "tests/integration/targets/utils_cli_parse/tasks/centos_ttp.yaml",
   "ftype": "file",
   "chksum_type": "sha256",
   "chksum_sha256": "a33864a01f18c554824adca3a43b93ad5d6fdb0f565c175569660188e295d876",
   "format": 1
  },
  {
   "name": "tests/integration/targets/utils_cli_parse/tasks/fedora_textfsm.yaml",
   "ftype": "file",
   "chksum_type": "sha256",
   "chksum_sha256": "5bf3569e71e0581cee99ee82ef77197eccb9631a4f8572e14d08e5614aa218c2",
   "format": 1
  },
  {
   "name": "tests/integration/targets/utils_cli_parse/tasks/nxos_xml.yaml",
   "ftype": "file",
   "chksum_type": "sha256",
   "chksum_sha256": "fff290edc4bb63de31257e254ef63fb4ffffed1ef6235afd29deda245913b3bd",
   "format": 1
  },
  {
   "name": "tests/integration/targets/utils_cli_parse/tasks/nxos_textfsm.yaml",
   "ftype": "file",
   "chksum_type": "sha256",
   "chksum_sha256": "1acf833f156eeb852ea7ee1c1e80509bda2299dceb807db4d601c9de30f1aa7a",
   "format": 1
  },
  {
   "name": "tests/integration/targets/utils_cli_parse/tasks/centos_textfsm.yaml",
   "ftype": "file",
   "chksum_type": "sha256",
   "chksum_sha256": "5bf3569e71e0581cee99ee82ef77197eccb9631a4f8572e14d08e5614aa218c2",
   "format": 1
  },
  {
   "name": "tests/integration/targets/utils_cli_parse/tasks/ubuntu_textfsm.yaml",
   "ftype": "file",
   "chksum_type": "sha256",
   "chksum_sha256": "5bf3569e71e0581cee99ee82ef77197eccb9631a4f8572e14d08e5614aa218c2",
   "format": 1
  },
  {
   "name": "tests/integration/targets/utils_cli_parse/tasks/argspec.yaml",
   "ftype": "file",
   "chksum_type": "sha256",
   "chksum_sha256": "379191d50682b621315da2a64f2267e9e94ac4c7b5ea41947b28a9457217dffc",
   "format": 1
  },
  {
   "name": "tests/integration/targets/utils_cli_parse/tasks/ubuntu_ttp.yaml",
   "ftype": "file",
   "chksum_type": "sha256",
   "chksum_sha256": "a33864a01f18c554824adca3a43b93ad5d6fdb0f565c175569660188e295d876",
   "format": 1
  },
  {
   "name": "tests/integration/targets/utils_cli_parse/tasks/nxos_ttp.yaml",
   "ftype": "file",
   "chksum_type": "sha256",
   "chksum_sha256": "e9aeed9119cb8a78392553bcf9b14acedbb29b98696bba16af0cdb05483ce6af",
   "format": 1
  },
  {
   "name": "tests/integration/targets/utils_cli_parse/tasks/fedora_ttp.yaml",
   "ftype": "file",
   "chksum_type": "sha256",
   "chksum_sha256": "a33864a01f18c554824adca3a43b93ad5d6fdb0f565c175569660188e295d876",
   "format": 1
  },
  {
   "name": "tests/integration/targets/utils_cli_parse/output",
   "ftype": "dir",
   "chksum_type": null,
   "chksum_sha256": null,
   "format": 1
  },
  {
   "name": "tests/integration/targets/utils_cli_parse/output/nxos_show_interface_ttp_parsed.json",
   "ftype": "file",
   "chksum_type": "sha256",
   "chksum_sha256": "59abcec5bf4e104e0d640771976320151a1fb76f49b7596f2b5a1de7bede3ec8",
   "format": 1
  },
  {
   "name": "tests/integration/targets/utils_cli_parse/output/nxos_show_version_textfsm_parsed.json",
   "ftype": "file",
   "chksum_type": "sha256",
   "chksum_sha256": "8b686ac4139b1e0d97d084abe91929cbf5191fa9f17f89aee9c76a3c18842738",
   "format": 1
  },
  {
   "name": "tests/integration/targets/utils_cli_parse/output/nxos_show_interface_json_text.txt",
   "ftype": "file",
   "chksum_type": "sha256",
   "chksum_sha256": "59abcec5bf4e104e0d640771976320151a1fb76f49b7596f2b5a1de7bede3ec8",
   "format": 1
  },
  {
   "name": "tests/integration/targets/utils_cli_parse/output/nxos_show_interface_xml_parsed.json",
   "ftype": "file",
   "chksum_type": "sha256",
   "chksum_sha256": "a7bd03c3ef17de63e3003a3a84d197ed1475f9f135444b2234ddab763e59652d",
   "format": 1
  },
  {
   "name": "tests/integration/targets/utils_cli_parse/files",
   "ftype": "dir",
   "chksum_type": null,
   "chksum_sha256": null,
   "format": 1
  },
  {
   "name": "tests/integration/targets/utils_cli_parse/files/nxos_show_interface.txt",
   "ftype": "file",
   "chksum_type": "sha256",
   "chksum_sha256": "85baa8eed232e6d7dd7a470efb6b4f3efce552c847d1f73c80c651d1441000e5",
   "format": 1
  },
  {
   "name": "tests/integration/targets/utils_cli_parse/files/nxos_show_interface.xml",
   "ftype": "file",
   "chksum_type": "sha256",
   "chksum_sha256": "363ab311f6ce9d7598f3ec3ce5546b33d634a8f079cd739ec478adc2a08fc9db",
   "format": 1
  },
  {
   "name": "tests/integration/targets/utils_cli_parse/files/nxos_show_version.txt",
   "ftype": "file",
   "chksum_type": "sha256",
   "chksum_sha256": "f387a15838273de598cabf14adc8ab8ba03ea3a455f2ba5d4d31638630da1d34",
   "format": 1
  },
  {
   "name": "tests/integration/targets/utils_cli_parse/templates",
   "ftype": "dir",
   "chksum_type": null,
   "chksum_sha256": null,
   "format": 1
  },
  {
   "name": "tests/integration/targets/utils_cli_parse/templates/nxos_show_interface.yaml",
   "ftype": "file",
   "chksum_type": "sha256",
   "chksum_sha256": "bcebc3ef1d3e94fd156e655704999ee16837a1c95b90c6d8bbd567e47e4ce272",
   "format": 1
  },
  {
   "name": "tests/integration/targets/utils_cli_parse/templates/fedora_ifconfig.textfsm",
   "ftype": "file",
   "chksum_type": "sha256",
   "chksum_sha256": "67d9f66d75969577c9f1b10b828c6c1ad8470df1dd645bec6731c7ac622bfbd4",
   "format": 1
  },
  {
   "name": "tests/integration/targets/utils_cli_parse/templates/centos_ifconfig.textfsm",
   "ftype": "file",
   "chksum_type": "sha256",
   "chksum_sha256": "67d9f66d75969577c9f1b10b828c6c1ad8470df1dd645bec6731c7ac622bfbd4",
   "format": 1
  },
  {
   "name": "tests/integration/targets/utils_cli_parse/templates/ubuntu_ifconfig.textfsm",
   "ftype": "file",
   "chksum_type": "sha256",
   "chksum_sha256": "67d9f66d75969577c9f1b10b828c6c1ad8470df1dd645bec6731c7ac622bfbd4",
   "format": 1
  },
  {
   "name": "tests/integration/targets/utils_cli_parse/templates/fedora_df_-h.ttp",
   "ftype": "file",
   "chksum_type": "sha256",
   "chksum_sha256": "807529c9b138d10b8c794e64ecef9b96bba2518476fb7c43990410ee4905ef53",
   "format": 1
  },
  {
   "name": "tests/integration/targets/utils_cli_parse/templates/centos_df_-h.ttp",
   "ftype": "file",
   "chksum_type": "sha256",
   "chksum_sha256": "807529c9b138d10b8c794e64ecef9b96bba2518476fb7c43990410ee4905ef53",
   "format": 1
  },
  {
   "name": "tests/integration/targets/utils_cli_parse/templates/nxos_show_interface.ttp",
   "ftype": "file",
   "chksum_type": "sha256",
   "chksum_sha256": "7b54c727fb9ab5731dbef7b5c271a41276278b15b7408bd24e25eda28e5c1a09",
   "format": 1
  },
  {
   "name": "tests/integration/targets/utils_cli_parse/templates/nxos_show_version.textfsm",
   "ftype": "file",
   "chksum_type": "sha256",
   "chksum_sha256": "dfd59adde11de6285a62179e45db7b4e20e9ca61f276f6567c86c8455f796887",
   "format": 1
  },
  {
   "name": "tests/integration/targets/utils_cli_parse/templates/ubuntu_df_-h.ttp",
   "ftype": "file",
   "chksum_type": "sha256",
   "chksum_sha256": "807529c9b138d10b8c794e64ecef9b96bba2518476fb7c43990410ee4905ef53",
   "format": 1
  },
  {
   "name": "tests/integration/targets/utils_from_xml",
   "ftype": "dir",
   "chksum_type": null,
   "chksum_sha256": null,
   "format": 1
  },
  {
   "name": "tests/integration/targets/utils_from_xml/tasks",
   "ftype": "dir",
   "chksum_type": null,
   "chksum_sha256": null,
   "format": 1
  },
  {
   "name": "tests/integration/targets/utils_from_xml/tasks/main.yaml",
   "ftype": "file",
   "chksum_type": "sha256",
   "chksum_sha256": "1f7884a7825f7b684642f29efcc98dc1d425aa7b9ffccdfa8e20b180bcb91905",
   "format": 1
  },
  {
   "name": "tests/integration/targets/utils_from_xml/tasks/simple.yaml",
   "ftype": "file",
   "chksum_type": "sha256",
   "chksum_sha256": "66d25d1070aa52dc78222d7493edeb2cdcdfcc52201bbbb29ff901c566eb9be3",
   "format": 1
  },
  {
   "name": "tests/integration/targets/utils_netaddr_test",
   "ftype": "dir",
   "chksum_type": null,
   "chksum_sha256": null,
   "format": 1
  },
  {
   "name": "tests/integration/targets/utils_netaddr_test/tasks",
   "ftype": "dir",
   "chksum_type": null,
   "chksum_sha256": null,
   "format": 1
  },
  {
   "name": "tests/integration/targets/utils_netaddr_test/tasks/in_one_network.yml",
   "ftype": "file",
   "chksum_type": "sha256",
   "chksum_sha256": "7cdd6cfc6de06d4214ea3bba8898fe489e384ad6513398a9e8c36eac0fe52f96",
   "format": 1
  },
  {
   "name": "tests/integration/targets/utils_netaddr_test/tasks/mac.yml",
   "ftype": "file",
   "chksum_type": "sha256",
   "chksum_sha256": "72e8ee05c54558ccc7606abcaeba4ffc538a0ef2ca1328af55635e117eecb816",
   "format": 1
  },
  {
   "name": "tests/integration/targets/utils_netaddr_test/tasks/ipv4_address.yml",
   "ftype": "file",
   "chksum_type": "sha256",
   "chksum_sha256": "a87deaf7bd700d2f419d6052e25712afe4e440bd951d7261a249f4687632bc59",
   "format": 1
  },
  {
   "name": "tests/integration/targets/utils_netaddr_test/tasks/multicast.yml",
   "ftype": "file",
   "chksum_type": "sha256",
   "chksum_sha256": "10ca58199b6e1a40063e980b98dd11e848ed059e2dbe9ed8888421e63d7df184",
   "format": 1
  },
  {
   "name": "tests/integration/targets/utils_netaddr_test/tasks/ipv4.yml",
   "ftype": "file",
   "chksum_type": "sha256",
   "chksum_sha256": "4188abac56c514f53a7dfc807386fca18bd80498677b46a9a6cebbebc6332b3f",
   "format": 1
  },
  {
   "name": "tests/integration/targets/utils_netaddr_test/tasks/main.yaml",
   "ftype": "file",
   "chksum_type": "sha256",
   "chksum_sha256": "1f7884a7825f7b684642f29efcc98dc1d425aa7b9ffccdfa8e20b180bcb91905",
   "format": 1
  },
  {
   "name": "tests/integration/targets/utils_netaddr_test/tasks/supernet_of.yml",
   "ftype": "file",
   "chksum_type": "sha256",
   "chksum_sha256": "d11d2e5c4cbff07a7499ed0f75f1351b1fc3fc5f5311322a3eba958131e3c79d",
   "format": 1
  },
  {
   "name": "tests/integration/targets/utils_netaddr_test/tasks/ip.yml",
   "ftype": "file",
   "chksum_type": "sha256",
   "chksum_sha256": "52241d3f73145c3afca29a0ba0137a7d564abc8565e0698358f61b53b73a5047",
   "format": 1
  },
  {
   "name": "tests/integration/targets/utils_netaddr_test/tasks/ipv6.yml",
   "ftype": "file",
   "chksum_type": "sha256",
   "chksum_sha256": "98605113bd6015e71f6bf1e47189f9053b14b69ef84c5fbb101c67f82f347167",
   "format": 1
  },
  {
   "name": "tests/integration/targets/utils_netaddr_test/tasks/ipv6_sixtofour.yml",
   "ftype": "file",
   "chksum_type": "sha256",
   "chksum_sha256": "c653a1feea03008a41c9a6023ad20076c6436ab1b82d9f6d8339c4b47566caf8",
   "format": 1
  },
  {
   "name": "tests/integration/targets/utils_netaddr_test/tasks/private.yml",
   "ftype": "file",
   "chksum_type": "sha256",
   "chksum_sha256": "78f413890620c93a0bddba138a3cb5e65d7ae6e2b058edd988f0ab2e18688c6c",
   "format": 1
  },
  {
   "name": "tests/integration/targets/utils_netaddr_test/tasks/in_network.yml",
   "ftype": "file",
   "chksum_type": "sha256",
   "chksum_sha256": "489fc213b6fa309741c85c03d683b02ca9702ddefe196287e8771cfcea117c34",
   "format": 1
  },
  {
   "name": "tests/integration/targets/utils_netaddr_test/tasks/ipv6_ipv4_mapped.yml",
   "ftype": "file",
   "chksum_type": "sha256",
   "chksum_sha256": "b4630824b17a3ea3ee20ff82d62612c988c2d594bcdf760594d0ba27684857d6",
   "format": 1
  },
  {
   "name": "tests/integration/targets/utils_netaddr_test/tasks/resolvable.yml",
   "ftype": "file",
   "chksum_type": "sha256",
   "chksum_sha256": "835585942443946876a3bc235ac2f70535dae231cdca60d4e184ead6ea5026e7",
   "format": 1
  },
  {
   "name": "tests/integration/targets/utils_netaddr_test/tasks/ipv6_teredo.yml",
   "ftype": "file",
   "chksum_type": "sha256",
   "chksum_sha256": "90b33205610a9cdf2b0f6242e7cf3793e1ef79ee481adf61a1a1e69656133fe1",
   "format": 1
  },
  {
   "name": "tests/integration/targets/utils_netaddr_test/tasks/ipv4_netmask.yml",
   "ftype": "file",
   "chksum_type": "sha256",
   "chksum_sha256": "043917d745c5ffe386d5f15bbb4d261dd9a7d7aa91ea5a06a860b04e48fb7447",
   "format": 1
  },
  {
   "name": "tests/integration/targets/utils_netaddr_test/tasks/ipv4_hostmask.yml",
   "ftype": "file",
   "chksum_type": "sha256",
   "chksum_sha256": "7b9e37dd2b5c1721e9a4b4e88f1d5ec64bd9673b53335deedd99e536cc3acca8",
   "format": 1
  },
  {
   "name": "tests/integration/targets/utils_netaddr_test/tasks/reserved.yml",
   "ftype": "file",
   "chksum_type": "sha256",
   "chksum_sha256": "f000795bbf4bdad3c5b952cbef4334cbc48ca4d8e20d5dda85236faabc829f7a",
   "format": 1
  },
  {
   "name": "tests/integration/targets/utils_netaddr_test/tasks/unspecified.yml",
   "ftype": "file",
   "chksum_type": "sha256",
   "chksum_sha256": "7833af23f0787cf65dbd54a05ac4ab0aa378700adbd3101ff873ae65c814439c",
   "format": 1
  },
  {
   "name": "tests/integration/targets/utils_netaddr_test/tasks/loopback.yml",
   "ftype": "file",
   "chksum_type": "sha256",
   "chksum_sha256": "084b251b286308a9c167b03ec27fafb16a7c23e27255a0b70cd8253c1824787a",
   "format": 1
  },
  {
   "name": "tests/integration/targets/utils_netaddr_test/tasks/public.yml",
   "ftype": "file",
   "chksum_type": "sha256",
   "chksum_sha256": "6423e184d5455f29c556980948336e2af1ae41798e84756c53ab3ea59599c8e6",
   "format": 1
  },
  {
   "name": "tests/integration/targets/utils_netaddr_test/tasks/subnet_of.yml",
   "ftype": "file",
   "chksum_type": "sha256",
   "chksum_sha256": "a38092178348116eaafb25221146765564bab68c2abaec96f21e273019120a81",
   "format": 1
  },
  {
   "name": "tests/integration/targets/utils_netaddr_test/tasks/in_any_network.yml",
   "ftype": "file",
   "chksum_type": "sha256",
   "chksum_sha256": "b23ab4430b835af5d20f0e9e3124b60b587ed2d04484fc19d18053d4e8f3e9aa",
   "format": 1
  },
  {
   "name": "tests/integration/targets/utils_netaddr_test/tasks/ip_address.yml",
   "ftype": "file",
   "chksum_type": "sha256",
   "chksum_sha256": "376624e4a72b126394850a9f18f9fbc808470936dae04bed4eee48115e7dc850",
   "format": 1
  },
  {
   "name": "tests/integration/targets/utils_netaddr_test/tasks/ipv6_address.yml",
   "ftype": "file",
   "chksum_type": "sha256",
   "chksum_sha256": "0fc85a3be0c55d4b6806e9b401473ed1fe5186bc285648e51e28f6e95cd08ce7",
   "format": 1
  },
  {
   "name": "tests/integration/targets/utils_netaddr_test/vars",
   "ftype": "dir",
   "chksum_type": null,
   "chksum_sha256": null,
   "format": 1
  },
  {
   "name": "tests/integration/targets/utils_netaddr_test/vars/main.yaml",
   "ftype": "file",
   "chksum_type": "sha256",
   "chksum_sha256": "c00756f4c7d02ea4d04b4237141685543b0c673a354774e61b2acb48f45837bd",
   "format": 1
  },
  {
   "name": "tests/integration/targets/utils_fact_diff",
   "ftype": "dir",
   "chksum_type": null,
   "chksum_sha256": null,
   "format": 1
  },
  {
   "name": "tests/integration/targets/utils_fact_diff/tasks",
   "ftype": "dir",
   "chksum_type": null,
   "chksum_sha256": null,
   "format": 1
  },
  {
   "name": "tests/integration/targets/utils_fact_diff/tasks/main.yaml",
   "ftype": "file",
   "chksum_type": "sha256",
   "chksum_sha256": "1f7884a7825f7b684642f29efcc98dc1d425aa7b9ffccdfa8e20b180bcb91905",
   "format": 1
  },
  {
   "name": "tests/integration/targets/utils_fact_diff/tasks/examples.yaml",
   "ftype": "file",
   "chksum_type": "sha256",
   "chksum_sha256": "0382b4f4321954c120a8c20460e1f5526f895cd9f5ee77a5509b3a062677a4e6",
   "format": 1
  },
  {
   "name": "tests/integration/targets/utils_fact_diff/tasks/simple.yaml",
   "ftype": "file",
   "chksum_type": "sha256",
   "chksum_sha256": "000fb9b3314533b2cd305ecae955c18216a69822ad0c8d76504a9d29dfd748e6",
   "format": 1
  },
  {
   "name": "tests/integration/targets/utils_fact_diff/tasks/argspec.yaml",
   "ftype": "file",
   "chksum_type": "sha256",
   "chksum_sha256": "57b39a23949dfa105a0cb048d7c62d46105449489253443aeb3852b745c32211",
   "format": 1
  },
  {
   "name": "tests/integration/targets/utils_param_list_compare",
   "ftype": "dir",
   "chksum_type": null,
   "chksum_sha256": null,
   "format": 1
  },
  {
   "name": "tests/integration/targets/utils_param_list_compare/tasks",
   "ftype": "dir",
   "chksum_type": null,
   "chksum_sha256": null,
   "format": 1
  },
  {
   "name": "tests/integration/targets/utils_param_list_compare/tasks/main.yaml",
   "ftype": "file",
   "chksum_type": "sha256",
   "chksum_sha256": "1f7884a7825f7b684642f29efcc98dc1d425aa7b9ffccdfa8e20b180bcb91905",
   "format": 1
  },
  {
   "name": "tests/integration/targets/utils_param_list_compare/tasks/simple.yaml",
   "ftype": "file",
   "chksum_type": "sha256",
   "chksum_sha256": "dba88eec15134059629e7c815709110bbde5c9d2cfb12ebd6010c0299bc1f7df",
   "format": 1
  },
  {
   "name": "tests/sanity",
   "ftype": "dir",
   "chksum_type": null,
   "chksum_sha256": null,
   "format": 1
  },
  {
   "name": "tests/sanity/ignore-2.10.txt",
   "ftype": "file",
   "chksum_type": "sha256",
   "chksum_sha256": "1835abdb88f975ff6807fd9c88501bd8c7497e1abfa83c367e056a06f7e3b108",
   "format": 1
  },
  {
   "name": "tests/sanity/ignore-2.11.txt",
   "ftype": "file",
   "chksum_type": "sha256",
   "chksum_sha256": "1835abdb88f975ff6807fd9c88501bd8c7497e1abfa83c367e056a06f7e3b108",
   "format": 1
  },
  {
   "name": "tests/sanity/ignore-2.13.txt",
   "ftype": "file",
   "chksum_type": "sha256",
   "chksum_sha256": "c4220b14bcf1d43a2ed66636710fb36e3a92636819f2e417b3405c198e1b588d",
   "format": 1
  },
  {
   "name": "tests/sanity/ignore-2.12.txt",
   "ftype": "file",
   "chksum_type": "sha256",
   "chksum_sha256": "c4220b14bcf1d43a2ed66636710fb36e3a92636819f2e417b3405c198e1b588d",
   "format": 1
  },
  {
   "name": "tests/sanity/ignore-2.9.txt",
   "ftype": "file",
   "chksum_type": "sha256",
   "chksum_sha256": "1835abdb88f975ff6807fd9c88501bd8c7497e1abfa83c367e056a06f7e3b108",
   "format": 1
  },
  {
   "name": "CHANGELOG.rst",
   "ftype": "file",
   "chksum_type": "sha256",
   "chksum_sha256": "67b29a26f42aeb0743c3a7bda9e7189555f36ba6b3abbbff350e7c5c4a50d962",
   "format": 1
  },
  {
   "name": "changelogs",
   "ftype": "dir",
   "chksum_type": null,
   "chksum_sha256": null,
   "format": 1
  },
  {
   "name": "changelogs/config.yaml",
   "ftype": "file",
   "chksum_type": "sha256",
   "chksum_sha256": "156e0c406fbf7bf09939653c5c51fe34078bbda6626905d36c301f9c8eac1157",
   "format": 1
  },
  {
   "name": "changelogs/fragments",
   "ftype": "dir",
   "chksum_type": null,
   "chksum_sha256": null,
   "format": 1
  },
  {
   "name": "changelogs/fragments/.keep",
   "ftype": "file",
   "chksum_type": "sha256",
   "chksum_sha256": "e3b0c44298fc1c149afbf4c8996fb92427ae41e4649b934ca495991b7852b855",
   "format": 1
  },
  {
   "name": "changelogs/cli_parse_fix.yaml",
   "ftype": "file",
   "chksum_type": "sha256",
   "chksum_sha256": "da5b1e16b6a5b40fccfef0496b2bb0e27cae22242d8fd1b31f2b8d695193a191",
   "format": 1
  },
  {
   "name": "changelogs/changelog.yaml",
   "ftype": "file",
   "chksum_type": "sha256",
   "chksum_sha256": "2dabf76a9467a3d52e1b372817229e03a6156fd08d0b64215a15de6dee39ed71",
   "format": 1
  },
  {
   "name": "plugins",
   "ftype": "dir",
   "chksum_type": null,
   "chksum_sha256": null,
   "format": 1
  },
  {
   "name": "plugins/modules",
   "ftype": "dir",
   "chksum_type": null,
   "chksum_sha256": null,
   "format": 1
  },
  {
   "name": "plugins/modules/validate.py",
   "ftype": "file",
   "chksum_type": "sha256",
   "chksum_sha256": "c3287eec09815c7dc3660ecf52d2741b5a1c6ae2316cadb8c06694ad6862d65c",
   "format": 1
  },
  {
   "name": "plugins/modules/fact_diff.py",
   "ftype": "file",
   "chksum_type": "sha256",
   "chksum_sha256": "7c6dc32a752e1c5c287862c6abe3f2b143b050f970d8b975cdba3962f7dfa268",
   "format": 1
  },
  {
   "name": "plugins/modules/update_fact.py",
   "ftype": "file",
   "chksum_type": "sha256",
   "chksum_sha256": "95efb892f07836d8a5fc5ec264a81487636b5341646239f06a79a3388e9e3937",
   "format": 1
  },
  {
   "name": "plugins/modules/cli_parse.py",
   "ftype": "file",
   "chksum_type": "sha256",
   "chksum_sha256": "137a5185e82247aa5e749747f4915409af8c3a9af654b407ddf7be3a77d80707",
   "format": 1
  },
  {
   "name": "plugins/lookup",
   "ftype": "dir",
   "chksum_type": null,
   "chksum_sha256": null,
   "format": 1
  },
  {
   "name": "plugins/lookup/index_of.py",
   "ftype": "file",
   "chksum_type": "sha256",
   "chksum_sha256": "bf11877cc46be99158e7f14998bbfcd32dd9daf796e4ad615dec1e60b81e8e46",
   "format": 1
  },
  {
   "name": "plugins/lookup/validate.py",
   "ftype": "file",
   "chksum_type": "sha256",
   "chksum_sha256": "dedd36a4d371e558e64180aa301fa7f87930a877610e6382df82fceb293b31c3",
   "format": 1
  },
  {
   "name": "plugins/lookup/to_paths.py",
   "ftype": "file",
   "chksum_type": "sha256",
   "chksum_sha256": "c66c3902fda8556aa8963b89993e4148ec99164feb6ae0ea6c7bd80e9b1414ed",
   "format": 1
  },
  {
   "name": "plugins/lookup/get_path.py",
   "ftype": "file",
   "chksum_type": "sha256",
   "chksum_sha256": "26ed749592435865388e3e5cc67485987c9f17aebef7871ea506c1dfe8447ec4",
   "format": 1
  },
  {
   "name": "plugins/action",
   "ftype": "dir",
   "chksum_type": null,
   "chksum_sha256": null,
   "format": 1
  },
  {
   "name": "plugins/action/validate.py",
   "ftype": "file",
   "chksum_type": "sha256",
   "chksum_sha256": "b4e532027da03ac06bbd2bc1aee623c8c6da5bf3ceb8de16684e881d244e0603",
   "format": 1
  },
  {
   "name": "plugins/action/fact_diff.py",
   "ftype": "file",
   "chksum_type": "sha256",
   "chksum_sha256": "1ffaf0cf9fd3a26b59c0584cfe6f76f229d34bf11ccf92df316c6ad77a04c63c",
   "format": 1
  },
  {
   "name": "plugins/action/update_fact.py",
   "ftype": "file",
   "chksum_type": "sha256",
   "chksum_sha256": "c7855320d041ce4f6f453ddae69f61575ad6a0001921cd61155d271c7a3652f0",
   "format": 1
  },
  {
   "name": "plugins/action/cli_parse.py",
   "ftype": "file",
   "chksum_type": "sha256",
   "chksum_sha256": "c9d4b08a0e6fbeb3f8317ac6ecf09754bcea0e98e6cbebb175a2c4f00befc3c8",
   "format": 1
  },
  {
   "name": "plugins/filter",
   "ftype": "dir",
   "chksum_type": null,
   "chksum_sha256": null,
   "format": 1
  },
  {
   "name": "plugins/filter/from_xml.py",
   "ftype": "file",
   "chksum_type": "sha256",
   "chksum_sha256": "f832a06a8b51d29914f52dc6c1c50732b4bba6c0f337dfe2494ddb61ff3c7493",
   "format": 1
  },
  {
   "name": "plugins/filter/index_of.py",
   "ftype": "file",
   "chksum_type": "sha256",
   "chksum_sha256": "d4c83200487cda973656d4f25a6f181e9832b32129302962689363b12a103d42",
   "format": 1
  },
  {
   "name": "plugins/filter/validate.py",
   "ftype": "file",
   "chksum_type": "sha256",
   "chksum_sha256": "507c2444c54abfab82e5946fffac8ab86e5b26370660f030e25898660af41827",
   "format": 1
  },
  {
   "name": "plugins/filter/to_paths.py",
   "ftype": "file",
   "chksum_type": "sha256",
   "chksum_sha256": "039be7ccf4baa55b476b4882f8d1a74244f81586af396f9339f32dfe35d85af9",
   "format": 1
  },
  {
   "name": "plugins/filter/usable_range.py",
   "ftype": "file",
   "chksum_type": "sha256",
   "chksum_sha256": "f9a1d2bf2974186b69ee4817c8184faf388e01a92568f5d957d7cc0c25301caa",
   "format": 1
  },
  {
   "name": "plugins/filter/get_path.py",
   "ftype": "file",
   "chksum_type": "sha256",
   "chksum_sha256": "d56c4924575e882691ec86dc8b0d2801fa4b9b0c1dc3b23f058bb9371761c05f",
   "format": 1
  },
  {
   "name": "plugins/filter/param_list_compare.py",
   "ftype": "file",
   "chksum_type": "sha256",
   "chksum_sha256": "32ce4577e0137771373f22287b2013f8132509576eea9afe4edbd06fee69c5d8",
   "format": 1
  },
  {
   "name": "plugins/filter/to_xml.py",
   "ftype": "file",
   "chksum_type": "sha256",
   "chksum_sha256": "4555fa0ab922fe3a1eb423ddf10a40028038e6209a136e2628b40454395d6baf",
   "format": 1
  },
  {
   "name": "plugins/sub_plugins",
   "ftype": "dir",
   "chksum_type": null,
   "chksum_sha256": null,
   "format": 1
  },
  {
   "name": "plugins/sub_plugins/fact_diff",
   "ftype": "dir",
   "chksum_type": null,
   "chksum_sha256": null,
   "format": 1
  },
  {
   "name": "plugins/sub_plugins/fact_diff/native.py",
   "ftype": "file",
   "chksum_type": "sha256",
   "chksum_sha256": "a8c0fd47b7dc637d5d6e60f29e6298dacc03811c8bd587b1cc92b2efde1633c9",
   "format": 1
  },
  {
   "name": "plugins/sub_plugins/validate",
   "ftype": "dir",
   "chksum_type": null,
   "chksum_sha256": null,
   "format": 1
  },
  {
   "name": "plugins/sub_plugins/validate/jsonschema.py",
   "ftype": "file",
   "chksum_type": "sha256",
   "chksum_sha256": "9445bf32963bf55dc2f02e2e8184def4c02f61271a078c90c8ec65f488885aae",
   "format": 1
  },
  {
   "name": "plugins/sub_plugins/cli_parser",
   "ftype": "dir",
   "chksum_type": null,
   "chksum_sha256": null,
   "format": 1
  },
  {
   "name": "plugins/sub_plugins/cli_parser/xml_parser.py",
   "ftype": "file",
   "chksum_type": "sha256",
   "chksum_sha256": "fd40717a2e2aa165aa64b8479707e655277f965758fdcdab6b77408d6672809a",
   "format": 1
  },
  {
   "name": "plugins/sub_plugins/cli_parser/textfsm_parser.py",
   "ftype": "file",
   "chksum_type": "sha256",
   "chksum_sha256": "61d96643b671b6147047f6b742f11e5eb80a00a30e99e2226c8b975b150816f3",
   "format": 1
  },
  {
   "name": "plugins/sub_plugins/cli_parser/ttp_parser.py",
   "ftype": "file",
   "chksum_type": "sha256",
   "chksum_sha256": "0be200ec950a404b346412e7d05ffa2d60e970b2f110f8a7ef27587a799be1f3",
   "format": 1
  },
  {
   "name": "plugins/sub_plugins/cli_parser/json_parser.py",
   "ftype": "file",
   "chksum_type": "sha256",
   "chksum_sha256": "f4a62c6ab0e91f2d5fba4616aaf41f55712e6f4eee6ed91496a0d4e50ebd820a",
   "format": 1
  },
  {
   "name": "plugins/plugin_utils",
   "ftype": "dir",
   "chksum_type": null,
   "chksum_sha256": null,
   "format": 1
  },
  {
   "name": "plugins/plugin_utils/from_xml.py",
   "ftype": "file",
   "chksum_type": "sha256",
   "chksum_sha256": "d1c7226653ebfe5f73ee275a4efc1a1ca5b08136e31b40c87beba760a096152a",
   "format": 1
  },
  {
   "name": "plugins/plugin_utils/base",
   "ftype": "dir",
   "chksum_type": null,
   "chksum_sha256": null,
   "format": 1
  },
  {
   "name": "plugins/plugin_utils/base/cli_parser.py",
   "ftype": "file",
   "chksum_type": "sha256",
   "chksum_sha256": "f1a6027c556eb023d0c5d7cc1b2c8e52d9360573de01211649fd2befc0504616",
   "format": 1
  },
  {
   "name": "plugins/plugin_utils/base/ipaddress_utils.py",
   "ftype": "file",
   "chksum_type": "sha256",
   "chksum_sha256": "755e6da9301464107efc3b515a9e19248fc39b2b55c08240b608b749749f2e38",
   "format": 1
  },
  {
   "name": "plugins/plugin_utils/base/validate.py",
   "ftype": "file",
   "chksum_type": "sha256",
   "chksum_sha256": "04fd3a7999644b7472ebf96e8d2005e60159fa7845d5babc7a2c5fb3a8fb0795",
   "format": 1
  },
  {
   "name": "plugins/plugin_utils/base/fact_diff.py",
   "ftype": "file",
   "chksum_type": "sha256",
   "chksum_sha256": "ee17ecdb92c68797455ce7045ee523cd019229a03ee58f026f13dcbcec827cdb",
   "format": 1
  },
  {
   "name": "plugins/plugin_utils/base/utils.py",
   "ftype": "file",
   "chksum_type": "sha256",
   "chksum_sha256": "c36d518b839aeb33a57235ec55fa17e02a137ee5c468c8da8fb99554f3087ec7",
   "format": 1
  },
  {
   "name": "plugins/plugin_utils/to_xml.py",
   "ftype": "file",
   "chksum_type": "sha256",
   "chksum_sha256": "10184dc20a8dbeff8448cf6de19ee9d8bfb7bce48ef69f046dc83bb1b74100c9",
   "format": 1
  },
  {
   "name": "plugins/module_utils",
   "ftype": "dir",
   "chksum_type": null,
   "chksum_sha256": null,
   "format": 1
  },
  {
   "name": "plugins/module_utils/common",
   "ftype": "dir",
   "chksum_type": null,
   "chksum_sha256": null,
   "format": 1
  },
  {
   "name": "plugins/module_utils/common/index_of.py",
   "ftype": "file",
   "chksum_type": "sha256",
   "chksum_sha256": "606154d4a66a11773b3bb235ede956160a5babbf6f8b10cbcbde52f3dd899f79",
   "format": 1
  },
  {
   "name": "plugins/module_utils/common/to_paths.py",
   "ftype": "file",
   "chksum_type": "sha256",
   "chksum_sha256": "9f57ae99a5ab3984b725d1a8ebeaf3af364dbcfa28f948178c2d1591d26d372a",
   "format": 1
  },
  {
   "name": "plugins/module_utils/common/argspec_validate.py",
   "ftype": "file",
   "chksum_type": "sha256",
   "chksum_sha256": "e8743e66dc17d5682eda1c94571cbe6bf795a0ecfae9d7d14ad6a3cfcc66b2fd",
   "format": 1
  },
  {
   "name": "plugins/module_utils/common/get_path.py",
   "ftype": "file",
   "chksum_type": "sha256",
   "chksum_sha256": "809a3ead3ea075529ca58e44014e0260eccc474a4001071eca2e83020c3ba751",
   "format": 1
  },
  {
   "name": "plugins/module_utils/common/utils.py",
   "ftype": "file",
   "chksum_type": "sha256",
   "chksum_sha256": "5240dc5282b31736ce5fbfd4f98fd1c2521674a34851a387145276572ec3c016",
   "format": 1
  },
  {
   "name": "plugins/test",
   "ftype": "dir",
   "chksum_type": null,
   "chksum_sha256": null,
   "format": 1
  },
  {
   "name": "plugins/test/supernet_of.py",
   "ftype": "file",
   "chksum_type": "sha256",
   "chksum_sha256": "7ebca6523c2dd99416043674256807919dc86b19b02dbff59d96433d7537d09b",
   "format": 1
  },
  {
   "name": "plugins/test/ipv4_hostmask.py",
   "ftype": "file",
   "chksum_type": "sha256",
   "chksum_sha256": "6a46006a837ad965fcfa593a7c6b168200a9f7ce6c9dd7cfbaaf38fa530eb9e8",
   "format": 1
  },
  {
   "name": "plugins/test/mac.py",
   "ftype": "file",
   "chksum_type": "sha256",
   "chksum_sha256": "482d14be04a0d062140b4f8c19d3d40f71823a3b43295216f53e9b055d8b7289",
   "format": 1
  },
  {
   "name": "plugins/test/ipv6_address.py",
   "ftype": "file",
   "chksum_type": "sha256",
   "chksum_sha256": "6c67bb936a47b9c9cb888280fe4ae340b6317d6e3ff37653cbbb8430ea6b7e39",
   "format": 1
  },
  {
   "name": "plugins/test/private.py",
   "ftype": "file",
   "chksum_type": "sha256",
   "chksum_sha256": "0145f6bd34d53a2a7192c8e5368121971cc965c164980e303e89697fb3f29efb",
   "format": 1
  },
  {
   "name": "plugins/test/ipv4.py",
   "ftype": "file",
   "chksum_type": "sha256",
   "chksum_sha256": "e25ea8a96dec28340f358e7e617ff5123782e714b554e798f107fda62a5149bc",
   "format": 1
  },
  {
   "name": "plugins/test/multicast.py",
   "ftype": "file",
   "chksum_type": "sha256",
   "chksum_sha256": "1d2dd19c49674337ca5213bd21c53ce5851bab7cdc45bf935d3747ecb77d7f3a",
   "format": 1
  },
  {
   "name": "plugins/test/in_one_network.py",
   "ftype": "file",
   "chksum_type": "sha256",
   "chksum_sha256": "edf51efab99267070fc70f51ff62eb62c6c26cfead9300c8772418b971c06d67",
   "format": 1
  },
  {
   "name": "plugins/test/unspecified.py",
   "ftype": "file",
   "chksum_type": "sha256",
   "chksum_sha256": "be824620d9716f5b3d85f295c568b51f8aaf729813d01297889b12e6bc13d0b1",
   "format": 1
  },
  {
   "name": "plugins/test/ipv6.py",
   "ftype": "file",
   "chksum_type": "sha256",
   "chksum_sha256": "370f6817d9bfccdbb7848d8e8b05f5b8dca30c9f6a3bba2f60c29cb64d3d60a9",
   "format": 1
  },
  {
   "name": "plugins/test/ipv6_teredo.py",
   "ftype": "file",
   "chksum_type": "sha256",
   "chksum_sha256": "44dff303d03cf74977ca813a52961fff60b586b660aef3571726d69b048314c2",
   "format": 1
  },
  {
   "name": "plugins/test/in_any_network.py",
   "ftype": "file",
   "chksum_type": "sha256",
   "chksum_sha256": "b80389af701f1019271e8bb908d1828e7c34eeea829fbce94b5c3048eb9e70cb",
   "format": 1
  },
  {
   "name": "plugins/test/loopback.py",
   "ftype": "file",
   "chksum_type": "sha256",
   "chksum_sha256": "35c48675472023b4ce5656dd5645208106c4572268327ce02aa367f10e3424f0",
   "format": 1
  },
  {
   "name": "plugins/test/reserved.py",
   "ftype": "file",
   "chksum_type": "sha256",
   "chksum_sha256": "c986a2fbee922022dac6bff6deace738f4f7e3ad61182a4bb20d3a8ce029c933",
   "format": 1
  },
  {
   "name": "plugins/test/public.py",
   "ftype": "file",
   "chksum_type": "sha256",
   "chksum_sha256": "5d95aa7d019998919a7bfea82c8982679bc3b699167cd793e66d802d4135eee9",
   "format": 1
  },
  {
   "name": "plugins/test/validate.py",
   "ftype": "file",
   "chksum_type": "sha256",
   "chksum_sha256": "a0a5f15b7fad8f6530bbcaaee30d51da521833ff020e7b206f1fdd3cf056c53b",
   "format": 1
  },
  {
   "name": "plugins/test/ipv6_sixtofour.py",
   "ftype": "file",
   "chksum_type": "sha256",
   "chksum_sha256": "80d5915cee82d1b3e857e233baa8c187d7acfae0bfcaf357c4461550c9b6e810",
   "format": 1
  },
  {
   "name": "plugins/test/ipv4_netmask.py",
   "ftype": "file",
   "chksum_type": "sha256",
   "chksum_sha256": "5a117c8790c4ad3986a6bfd1560bd2b5093d2b66675b7e995ef753638419fbd7",
   "format": 1
  },
  {
   "name": "plugins/test/ip.py",
   "ftype": "file",
   "chksum_type": "sha256",
   "chksum_sha256": "09e13e8735c877c6bac86869d75f8a8f2a230960d71571b93f619f5e2f5a9b37",
   "format": 1
  },
  {
   "name": "plugins/test/in_network.py",
   "ftype": "file",
   "chksum_type": "sha256",
   "chksum_sha256": "e51748d1b1dd7bb60de8f83a4d40981ed190fb25fd19d2619afda75eacd788f2",
   "format": 1
  },
  {
   "name": "plugins/test/ip_address.py",
   "ftype": "file",
   "chksum_type": "sha256",
   "chksum_sha256": "850b3efd79183b0b4b4c4d05c890ec1b13923a789d0a8fe6f7682391c7b2826e",
   "format": 1
  },
  {
   "name": "plugins/test/subnet_of.py",
   "ftype": "file",
   "chksum_type": "sha256",
   "chksum_sha256": "29bd0ae0a9da5bf4d05312d6182b90d0a24bc17b1ac30c2986229cf6934e11cd",
   "format": 1
  },
  {
   "name": "plugins/test/resolvable.py",
   "ftype": "file",
   "chksum_type": "sha256",
   "chksum_sha256": "4567b1d1698f64bfef69d5929d437616e6858c9d68242f64c47639614d8f9c9b",
   "format": 1
  },
  {
   "name": "plugins/test/ipv4_address.py",
   "ftype": "file",
   "chksum_type": "sha256",
   "chksum_sha256": "a11b1b67034d11ce22ef539651bbfb4f4fa4b1886b0bb6db1c1ac59c9536fa48",
   "format": 1
  },
  {
   "name": "plugins/test/ipv6_ipv4_mapped.py",
   "ftype": "file",
   "chksum_type": "sha256",
   "chksum_sha256": "cdc3264562c778c101f285a5cebc9a0a725b43a5f4d08530bcab185eef3b89d4",
   "format": 1
  },
  {
   "name": ".pre-commit-config.yaml",
   "ftype": "file",
   "chksum_type": "sha256",
   "chksum_sha256": "c738fc7226352c6aa76f6a851ea5f5ca7ccf74f12945f3506ac958105842d555",
   "format": 1
  },
  {
   "name": "test-requirements.txt",
   "ftype": "file",
   "chksum_type": "sha256",
   "chksum_sha256": "a111794ad6f731f4f9cb0a8dcc8186ab7514818286186621ca839ef7e017e8f4",
   "format": 1
  },
  {
   "name": "bindep.txt",
   "ftype": "file",
   "chksum_type": "sha256",
   "chksum_sha256": "80645079eb025b3a905b4775ac545d080a3d7d35d537c31e04f7197c94315ab5",
   "format": 1
  },
  {
   "name": ".yamllint",
   "ftype": "file",
   "chksum_type": "sha256",
   "chksum_sha256": "827ef9e031ecdcaf137be239d33ef93fcbbc3611cbb6b30b0e507d0e03373d0e",
   "format": 1
  }
 ],
 "format": 1
}