{
 "files": [
  {
   "name": ".",
   "ftype": "dir",
   "chksum_type": null,
   "chksum_sha256": null,
   "format": 1
  },
  {
   "name": "COPYING",
   "ftype": "file",
   "chksum_type": "sha256",
   "chksum_sha256": "7c50cd9b85e2b7eebaea2b5618b402862b01d5a66befff8e41401ef3f14e471a",
   "format": 1
  },
  {
   "name": "README.md",
   "ftype": "file",
   "chksum_type": "sha256",
   "chksum_sha256": "b85af47ca3c63d85985dfdaed5a7a83258904f2336caf684f9d37ba2a2effbe3",
   "format": 1
  },
  {
   "name": "TESTING.md",
   "ftype": "file",
   "chksum_type": "sha256",
   "chksum_sha256": "4691e79c8038d8e985610fb613cd2f4799d4740b0a6ca1b72d3266528088a272",
   "format": 1
  },
  {
   "name": "bindep.txt",
   "ftype": "file",
   "chksum_type": "sha256",
   "chksum_sha256": "7205dda85d2cd5501b3344e9f18e4acd09583056aab5e8a05554ba29a3b8fad8",
   "format": 1
  },
  {
   "name": "images",
   "ftype": "dir",
   "chksum_type": null,
   "chksum_sha256": null,
   "format": 1
  },
  {
   "name": "images/completeness_test_output.png",
   "ftype": "file",
   "chksum_type": "sha256",
   "chksum_sha256": "6367684c4b5edd3e1e8fdcb9270d68ca54040d5d17108734f3d3a2b9df5878ba",
   "format": 1
  },
  {
   "name": "meta",
   "ftype": "dir",
   "chksum_type": null,
   "chksum_sha256": null,
   "format": 1
  },
  {
   "name": "meta/runtime.yml",
   "ftype": "file",
   "chksum_type": "sha256",
   "chksum_sha256": "232d94324a5bc4e96e96ad7b04108d6e8e9fedd81ab3a1539eda8ed3ba3de3e6",
   "format": 1
  },
  {
   "name": "plugins",
   "ftype": "dir",
   "chksum_type": null,
   "chksum_sha256": null,
   "format": 1
  },
  {
   "name": "plugins/doc_fragments",
   "ftype": "dir",
   "chksum_type": null,
   "chksum_sha256": null,
   "format": 1
  },
  {
   "name": "plugins/doc_fragments/auth.py",
   "ftype": "file",
   "chksum_type": "sha256",
   "chksum_sha256": "08510309125b9276dca6553a3c77436c0a225c250eea33d54be356a68a06a5f3",
   "format": 1
  },
  {
   "name": "plugins/doc_fragments/auth_legacy.py",
   "ftype": "file",
   "chksum_type": "sha256",
   "chksum_sha256": "c2f10b81ecb89088c7c295430d4a71de26e3700b26e8344cdc7950908a738fd3",
   "format": 1
  },
  {
   "name": "plugins/doc_fragments/auth_plugin.py",
   "ftype": "file",
   "chksum_type": "sha256",
   "chksum_sha256": "18e7aa04c1aba6eef36c8cd90a12c6548178bdba883eff470001d2a41db74c11",
   "format": 1
  },
  {
   "name": "plugins/inventory",
   "ftype": "dir",
   "chksum_type": null,
   "chksum_sha256": null,
   "format": 1
  },
  {
   "name": "plugins/inventory/controller.py",
   "ftype": "file",
   "chksum_type": "sha256",
   "chksum_sha256": "093f80c928f8c598d3782ee8456a73932490abac6c5806cc18534e765ff84dcf",
   "format": 1
  },
  {
   "name": "plugins/lookup",
   "ftype": "dir",
   "chksum_type": null,
   "chksum_sha256": null,
   "format": 1
  },
  {
   "name": "plugins/lookup/controller_api.py",
   "ftype": "file",
   "chksum_type": "sha256",
   "chksum_sha256": "e3982aefb7cc83b435ace5daa3bdfd850471de8a353ca5d71593438c1e2afe16",
   "format": 1
  },
  {
   "name": "plugins/lookup/schedule_rrule.py",
   "ftype": "file",
   "chksum_type": "sha256",
   "chksum_sha256": "7eaa5803d044df88c4c9865806f01dae8b2299e9a96e21d0c6d8b3d39821b2f1",
   "format": 1
  },
  {
   "name": "plugins/module_utils",
   "ftype": "dir",
   "chksum_type": null,
   "chksum_sha256": null,
   "format": 1
  },
  {
   "name": "plugins/module_utils/awxkit.py",
   "ftype": "file",
   "chksum_type": "sha256",
   "chksum_sha256": "8b2398e4e7893f203b26f6c85d510cc4c41a79c53e1937710807233e62e35f58",
   "format": 1
  },
  {
   "name": "plugins/module_utils/controller_api.py",
   "ftype": "file",
   "chksum_type": "sha256",
   "chksum_sha256": "962a1c9d1aa0618730b0b795b0f4490eba481cee928e6414ac1903e52eca42e9",
   "format": 1
  },
  {
   "name": "plugins/module_utils/tower_legacy.py",
   "ftype": "file",
   "chksum_type": "sha256",
   "chksum_sha256": "442535992f6564ac689645ff6e880848762eafc0d93a3255cbe5bedec5eefd58",
   "format": 1
  },
  {
   "name": "plugins/modules",
   "ftype": "dir",
   "chksum_type": null,
   "chksum_sha256": null,
   "format": 1
  },
  {
   "name": "plugins/modules/__init__.py",
   "ftype": "file",
   "chksum_type": "sha256",
   "chksum_sha256": "e3b0c44298fc1c149afbf4c8996fb92427ae41e4649b934ca495991b7852b855",
   "format": 1
  },
  {
   "name": "plugins/modules/ad_hoc_command.py",
   "ftype": "file",
   "chksum_type": "sha256",
   "chksum_sha256": "c4dc826bf4a87a8200cc64e758061f96072634e8857f4366befcaf8aefabc606",
   "format": 1
  },
  {
   "name": "plugins/modules/ad_hoc_command_cancel.py",
   "ftype": "file",
   "chksum_type": "sha256",
   "chksum_sha256": "79f4b4b06ebb4e370b951c0b37b4c0d992cad7bdfa1eac6236fb0f5223f6ef4e",
   "format": 1
  },
  {
   "name": "plugins/modules/ad_hoc_command_wait.py",
   "ftype": "file",
   "chksum_type": "sha256",
   "chksum_sha256": "aafec84dd15d31d2b9758d22577da3aad695cdb4608dfa721aeac4e810ffb130",
   "format": 1
  },
  {
   "name": "plugins/modules/application.py",
   "ftype": "file",
   "chksum_type": "sha256",
   "chksum_sha256": "278f3084c5cc0038be583ea73736b1f582feb8f735cadfd221fa1fa1cbe39111",
   "format": 1
  },
  {
   "name": "plugins/modules/controller_meta.py",
   "ftype": "file",
   "chksum_type": "sha256",
   "chksum_sha256": "4efd568369daa6bd8aef39a5b774b83faf58dd80553d124101fbe44ce3737543",
   "format": 1
  },
  {
   "name": "plugins/modules/credential.py",
   "ftype": "file",
   "chksum_type": "sha256",
   "chksum_sha256": "f441379066120e3401aab6b8469c6281660db964e11c13c4bf776f490fdc6dba",
   "format": 1
  },
  {
   "name": "plugins/modules/credential_input_source.py",
   "ftype": "file",
   "chksum_type": "sha256",
   "chksum_sha256": "f6c205abaa76971c278b5566c10b2b9fa31e5e963a17936b9ef58fd79373c453",
   "format": 1
  },
  {
   "name": "plugins/modules/credential_type.py",
   "ftype": "file",
   "chksum_type": "sha256",
   "chksum_sha256": "275e841fb8d0ae1e67364889f942e569ee9a525bfe9440c1e0faf82ae50ffcb0",
   "format": 1
  },
  {
   "name": "plugins/modules/execution_environment.py",
   "ftype": "file",
   "chksum_type": "sha256",
   "chksum_sha256": "109862f1844239cb9d82530c45c805059d82aa991655f11de57beab82572efb5",
   "format": 1
  },
  {
   "name": "plugins/modules/export.py",
   "ftype": "file",
   "chksum_type": "sha256",
   "chksum_sha256": "f92715b2c10aa17f1f3c25eedccff5847ecc71c1af47153d9d520aff4481ceb6",
   "format": 1
  },
  {
   "name": "plugins/modules/group.py",
   "ftype": "file",
   "chksum_type": "sha256",
   "chksum_sha256": "a83e2f1f779401c8c809cf018bb153f88c474b1f538b0b28f7a4139e9ac61eb9",
   "format": 1
  },
  {
   "name": "plugins/modules/host.py",
   "ftype": "file",
   "chksum_type": "sha256",
   "chksum_sha256": "412124d388d452a743d48c472aceb9782e433b5302b32735b5976ddbfce3732e",
   "format": 1
  },
  {
   "name": "plugins/modules/import.py",
   "ftype": "file",
   "chksum_type": "sha256",
   "chksum_sha256": "69fae39b2beb52a18278fe361946fd1e7449c14b65c1fe3dce030d2319c4ead2",
   "format": 1
  },
  {
   "name": "plugins/modules/instance_group.py",
   "ftype": "file",
   "chksum_type": "sha256",
   "chksum_sha256": "b25e66c5fcb63664c651e161197e1f0eed7abed3f40146cf8c44fdbf667a0612",
   "format": 1
  },
  {
   "name": "plugins/modules/inventory.py",
   "ftype": "file",
   "chksum_type": "sha256",
   "chksum_sha256": "ee06d8dff8f2ce2f74a8f2e9a61c7b7cbead3bf549e7c32c781f6d30afaeca26",
   "format": 1
  },
  {
   "name": "plugins/modules/inventory_source.py",
   "ftype": "file",
   "chksum_type": "sha256",
   "chksum_sha256": "028f49e97a6a0d07175562ecd7cfe1fe38a7dd8d7a1df29b90d5320a10f86921",
   "format": 1
  },
  {
   "name": "plugins/modules/inventory_source_update.py",
   "ftype": "file",
   "chksum_type": "sha256",
   "chksum_sha256": "eff34778c2d64f45937fdf7460fa5705c48ca656ab9882527c897f1569e10e50",
   "format": 1
  },
  {
   "name": "plugins/modules/job_cancel.py",
   "ftype": "file",
   "chksum_type": "sha256",
   "chksum_sha256": "16135c9aad2a93d574136c9dee650dcc8982341c5a034a8a58d41561ff5f3543",
   "format": 1
  },
  {
   "name": "plugins/modules/job_launch.py",
   "ftype": "file",
   "chksum_type": "sha256",
   "chksum_sha256": "33b17f799a312fbd8b1eecc176d13670835c4f048bf7d604d5efb4b7af9b4534",
   "format": 1
  },
  {
   "name": "plugins/modules/job_list.py",
   "ftype": "file",
   "chksum_type": "sha256",
   "chksum_sha256": "05a14841d6bd163909ce4861d64feafd60d9e3474e5501d7e204c3c07e830873",
   "format": 1
  },
  {
   "name": "plugins/modules/job_template.py",
   "ftype": "file",
   "chksum_type": "sha256",
   "chksum_sha256": "aeb95262a4a82aaadd7d9a0661b99e4ed38c91cf6698ba2a18a7e2cf33460387",
   "format": 1
  },
  {
   "name": "plugins/modules/job_wait.py",
   "ftype": "file",
   "chksum_type": "sha256",
   "chksum_sha256": "782b42174ca394eeaa9d1968b1717031e7cd356fb58fb7c5201f8853804bebd5",
   "format": 1
  },
  {
   "name": "plugins/modules/label.py",
   "ftype": "file",
   "chksum_type": "sha256",
   "chksum_sha256": "c93898037ce2f2cfc94b4a5b346b29aed633d249aa97dd58f3aeb8b337544de8",
   "format": 1
  },
  {
   "name": "plugins/modules/license.py",
   "ftype": "file",
   "chksum_type": "sha256",
   "chksum_sha256": "1de4605903746cdd4ce424cc23fc9f3a76526343dfc93367381a643696ccfce7",
   "format": 1
  },
  {
   "name": "plugins/modules/notification_template.py",
   "ftype": "file",
   "chksum_type": "sha256",
   "chksum_sha256": "45c57ffbf44165ef1d0f67f8dcc86c6aba9893a7d91f5b7f079cd93088fcf527",
   "format": 1
  },
  {
   "name": "plugins/modules/organization.py",
   "ftype": "file",
   "chksum_type": "sha256",
   "chksum_sha256": "c7fb95e6c4612d2917399a9e2d9279b34ed4d016a4e31021006ad1c2970d3486",
   "format": 1
  },
  {
   "name": "plugins/modules/project.py",
   "ftype": "file",
   "chksum_type": "sha256",
   "chksum_sha256": "889333c28de03e2ca1d6d37e1d406b13b76168fe12b6681d838d578e56daced8",
   "format": 1
  },
  {
   "name": "plugins/modules/project_update.py",
   "ftype": "file",
   "chksum_type": "sha256",
   "chksum_sha256": "54a1385b7c6599569cca9abcb3868cf63830033f6cd6c7398694108150296bf2",
   "format": 1
  },
  {
   "name": "plugins/modules/role.py",
   "ftype": "file",
   "chksum_type": "sha256",
   "chksum_sha256": "a7c32b2702ef91471c08975243ff2f9b5343cc18a7c60dec0d745fb3962164b6",
   "format": 1
  },
  {
   "name": "plugins/modules/schedule.py",
   "ftype": "file",
   "chksum_type": "sha256",
   "chksum_sha256": "4dfe5cd701c2b6d84e39e85135ec87de59cf2a2d016839725d7e9c24ee2e5018",
   "format": 1
  },
  {
   "name": "plugins/modules/settings.py",
   "ftype": "file",
   "chksum_type": "sha256",
   "chksum_sha256": "8b019a1b25116312062f9d034d5b5ae225f725529411328c750dc2e57b1c7d84",
   "format": 1
  },
  {
   "name": "plugins/modules/team.py",
   "ftype": "file",
   "chksum_type": "sha256",
   "chksum_sha256": "501f54a73e6053cb5be0ee43a36d63be4cab3dc359d5fccf6825b4c861b10037",
   "format": 1
  },
  {
   "name": "plugins/modules/token.py",
   "ftype": "file",
   "chksum_type": "sha256",
   "chksum_sha256": "6cb4e4df6050a4d26f0b8a3a693c024f04d41fcab620180f1329389a7f1a6ef3",
   "format": 1
  },
  {
   "name": "plugins/modules/tower_ad_hoc_command.py",
   "ftype": "file",
   "chksum_type": "sha256",
   "chksum_sha256": "c4dc826bf4a87a8200cc64e758061f96072634e8857f4366befcaf8aefabc606",
   "format": 1
  },
  {
   "name": "plugins/modules/tower_ad_hoc_command_cancel.py",
   "ftype": "file",
   "chksum_type": "sha256",
   "chksum_sha256": "79f4b4b06ebb4e370b951c0b37b4c0d992cad7bdfa1eac6236fb0f5223f6ef4e",
   "format": 1
  },
  {
   "name": "plugins/modules/tower_ad_hoc_command_wait.py",
   "ftype": "file",
   "chksum_type": "sha256",
   "chksum_sha256": "aafec84dd15d31d2b9758d22577da3aad695cdb4608dfa721aeac4e810ffb130",
   "format": 1
  },
  {
   "name": "plugins/modules/tower_application.py",
   "ftype": "file",
   "chksum_type": "sha256",
   "chksum_sha256": "278f3084c5cc0038be583ea73736b1f582feb8f735cadfd221fa1fa1cbe39111",
   "format": 1
  },
  {
   "name": "plugins/modules/tower_controller_meta.py",
   "ftype": "file",
   "chksum_type": "sha256",
   "chksum_sha256": "4efd568369daa6bd8aef39a5b774b83faf58dd80553d124101fbe44ce3737543",
   "format": 1
  },
  {
   "name": "plugins/modules/tower_credential.py",
   "ftype": "file",
   "chksum_type": "sha256",
   "chksum_sha256": "f441379066120e3401aab6b8469c6281660db964e11c13c4bf776f490fdc6dba",
   "format": 1
  },
  {
   "name": "plugins/modules/tower_credential_input_source.py",
   "ftype": "file",
   "chksum_type": "sha256",
   "chksum_sha256": "f6c205abaa76971c278b5566c10b2b9fa31e5e963a17936b9ef58fd79373c453",
   "format": 1
  },
  {
   "name": "plugins/modules/tower_credential_type.py",
   "ftype": "file",
   "chksum_type": "sha256",
   "chksum_sha256": "275e841fb8d0ae1e67364889f942e569ee9a525bfe9440c1e0faf82ae50ffcb0",
   "format": 1
  },
  {
   "name": "plugins/modules/tower_execution_environment.py",
   "ftype": "file",
   "chksum_type": "sha256",
   "chksum_sha256": "109862f1844239cb9d82530c45c805059d82aa991655f11de57beab82572efb5",
   "format": 1
  },
  {
   "name": "plugins/modules/tower_export.py",
   "ftype": "file",
   "chksum_type": "sha256",
   "chksum_sha256": "f92715b2c10aa17f1f3c25eedccff5847ecc71c1af47153d9d520aff4481ceb6",
   "format": 1
  },
  {
   "name": "plugins/modules/tower_group.py",
   "ftype": "file",
   "chksum_type": "sha256",
   "chksum_sha256": "a83e2f1f779401c8c809cf018bb153f88c474b1f538b0b28f7a4139e9ac61eb9",
   "format": 1
  },
  {
   "name": "plugins/modules/tower_host.py",
   "ftype": "file",
   "chksum_type": "sha256",
   "chksum_sha256": "412124d388d452a743d48c472aceb9782e433b5302b32735b5976ddbfce3732e",
   "format": 1
  },
  {
   "name": "plugins/modules/tower_import.py",
   "ftype": "file",
   "chksum_type": "sha256",
   "chksum_sha256": "69fae39b2beb52a18278fe361946fd1e7449c14b65c1fe3dce030d2319c4ead2",
   "format": 1
  },
  {
   "name": "plugins/modules/tower_instance_group.py",
   "ftype": "file",
   "chksum_type": "sha256",
   "chksum_sha256": "b25e66c5fcb63664c651e161197e1f0eed7abed3f40146cf8c44fdbf667a0612",
   "format": 1
  },
  {
   "name": "plugins/modules/tower_inventory.py",
   "ftype": "file",
   "chksum_type": "sha256",
   "chksum_sha256": "ee06d8dff8f2ce2f74a8f2e9a61c7b7cbead3bf549e7c32c781f6d30afaeca26",
   "format": 1
  },
  {
   "name": "plugins/modules/tower_inventory_source.py",
   "ftype": "file",
   "chksum_type": "sha256",
   "chksum_sha256": "028f49e97a6a0d07175562ecd7cfe1fe38a7dd8d7a1df29b90d5320a10f86921",
   "format": 1
  },
  {
   "name": "plugins/modules/tower_inventory_source_update.py",
   "ftype": "file",
   "chksum_type": "sha256",
   "chksum_sha256": "eff34778c2d64f45937fdf7460fa5705c48ca656ab9882527c897f1569e10e50",
   "format": 1
  },
  {
   "name": "plugins/modules/tower_job_cancel.py",
   "ftype": "file",
   "chksum_type": "sha256",
   "chksum_sha256": "16135c9aad2a93d574136c9dee650dcc8982341c5a034a8a58d41561ff5f3543",
   "format": 1
  },
  {
   "name": "plugins/modules/tower_job_launch.py",
   "ftype": "file",
   "chksum_type": "sha256",
   "chksum_sha256": "33b17f799a312fbd8b1eecc176d13670835c4f048bf7d604d5efb4b7af9b4534",
   "format": 1
  },
  {
   "name": "plugins/modules/tower_job_list.py",
   "ftype": "file",
   "chksum_type": "sha256",
   "chksum_sha256": "05a14841d6bd163909ce4861d64feafd60d9e3474e5501d7e204c3c07e830873",
   "format": 1
  },
  {
   "name": "plugins/modules/tower_job_template.py",
   "ftype": "file",
   "chksum_type": "sha256",
   "chksum_sha256": "aeb95262a4a82aaadd7d9a0661b99e4ed38c91cf6698ba2a18a7e2cf33460387",
   "format": 1
  },
  {
   "name": "plugins/modules/tower_job_wait.py",
   "ftype": "file",
   "chksum_type": "sha256",
   "chksum_sha256": "782b42174ca394eeaa9d1968b1717031e7cd356fb58fb7c5201f8853804bebd5",
   "format": 1
  },
  {
   "name": "plugins/modules/tower_label.py",
   "ftype": "file",
   "chksum_type": "sha256",
   "chksum_sha256": "c93898037ce2f2cfc94b4a5b346b29aed633d249aa97dd58f3aeb8b337544de8",
   "format": 1
  },
  {
   "name": "plugins/modules/tower_license.py",
   "ftype": "file",
   "chksum_type": "sha256",
   "chksum_sha256": "1de4605903746cdd4ce424cc23fc9f3a76526343dfc93367381a643696ccfce7",
   "format": 1
  },
  {
   "name": "plugins/modules/tower_notification_template.py",
   "ftype": "file",
   "chksum_type": "sha256",
   "chksum_sha256": "45c57ffbf44165ef1d0f67f8dcc86c6aba9893a7d91f5b7f079cd93088fcf527",
   "format": 1
  },
  {
   "name": "plugins/modules/tower_organization.py",
   "ftype": "file",
   "chksum_type": "sha256",
   "chksum_sha256": "c7fb95e6c4612d2917399a9e2d9279b34ed4d016a4e31021006ad1c2970d3486",
   "format": 1
  },
  {
   "name": "plugins/modules/tower_project.py",
   "ftype": "file",
   "chksum_type": "sha256",
   "chksum_sha256": "889333c28de03e2ca1d6d37e1d406b13b76168fe12b6681d838d578e56daced8",
   "format": 1
  },
  {
   "name": "plugins/modules/tower_project_update.py",
   "ftype": "file",
   "chksum_type": "sha256",
   "chksum_sha256": "54a1385b7c6599569cca9abcb3868cf63830033f6cd6c7398694108150296bf2",
   "format": 1
  },
  {
   "name": "plugins/modules/tower_role.py",
   "ftype": "file",
   "chksum_type": "sha256",
   "chksum_sha256": "a7c32b2702ef91471c08975243ff2f9b5343cc18a7c60dec0d745fb3962164b6",
   "format": 1
  },
  {
   "name": "plugins/modules/tower_schedule.py",
   "ftype": "file",
   "chksum_type": "sha256",
   "chksum_sha256": "4dfe5cd701c2b6d84e39e85135ec87de59cf2a2d016839725d7e9c24ee2e5018",
   "format": 1
  },
  {
   "name": "plugins/modules/tower_settings.py",
   "ftype": "file",
   "chksum_type": "sha256",
   "chksum_sha256": "8b019a1b25116312062f9d034d5b5ae225f725529411328c750dc2e57b1c7d84",
   "format": 1
  },
  {
   "name": "plugins/modules/tower_team.py",
   "ftype": "file",
   "chksum_type": "sha256",
   "chksum_sha256": "501f54a73e6053cb5be0ee43a36d63be4cab3dc359d5fccf6825b4c861b10037",
   "format": 1
  },
  {
   "name": "plugins/modules/tower_token.py",
   "ftype": "file",
   "chksum_type": "sha256",
   "chksum_sha256": "6cb4e4df6050a4d26f0b8a3a693c024f04d41fcab620180f1329389a7f1a6ef3",
   "format": 1
  },
  {
   "name": "plugins/modules/tower_user.py",
   "ftype": "file",
   "chksum_type": "sha256",
   "chksum_sha256": "f933dea82d9d6f2c4e98aa25545a506bfccfba34e69d7932fdbfa9f062bc4640",
   "format": 1
  },
  {
   "name": "plugins/modules/tower_workflow_approval.py",
   "ftype": "file",
   "chksum_type": "sha256",
   "chksum_sha256": "0062f4eb714a162f5cdff9e969ab6c9fa718c72a4dfd471ac4da611ae2cd4168",
   "format": 1
  },
  {
   "name": "plugins/modules/tower_workflow_job_template.py",
   "ftype": "file",
   "chksum_type": "sha256",
   "chksum_sha256": "d9c02508aeee9d1661f5833c7077abbd42b6114875f8d01d582a81e6ea3930b1",
   "format": 1
  },
  {
   "name": "plugins/modules/tower_workflow_job_template_node.py",
   "ftype": "file",
   "chksum_type": "sha256",
   "chksum_sha256": "21de3d62d2f86fbd57acdafd34ae27d55da4c8e905386176800c88d7c1482056",
   "format": 1
  },
  {
   "name": "plugins/modules/tower_workflow_launch.py",
   "ftype": "file",
   "chksum_type": "sha256",
   "chksum_sha256": "6e1a1bce7238bcca80a63f07d6ee49b2d8012a093482bd76e30e73d039608929",
   "format": 1
  },
  {
   "name": "plugins/modules/tower_workflow_node_wait.py",
   "ftype": "file",
   "chksum_type": "sha256",
   "chksum_sha256": "30e43f8a270e36b72b18b146bd3471c80fc46a289c7e43f12ab81dfa1f8a9fb4",
   "format": 1
  },
  {
   "name": "plugins/modules/user.py",
   "ftype": "file",
   "chksum_type": "sha256",
   "chksum_sha256": "f933dea82d9d6f2c4e98aa25545a506bfccfba34e69d7932fdbfa9f062bc4640",
   "format": 1
  },
  {
   "name": "plugins/modules/workflow_approval.py",
   "ftype": "file",
   "chksum_type": "sha256",
   "chksum_sha256": "0062f4eb714a162f5cdff9e969ab6c9fa718c72a4dfd471ac4da611ae2cd4168",
   "format": 1
  },
  {
   "name": "plugins/modules/workflow_job_template.py",
   "ftype": "file",
   "chksum_type": "sha256",
   "chksum_sha256": "d9c02508aeee9d1661f5833c7077abbd42b6114875f8d01d582a81e6ea3930b1",
   "format": 1
  },
  {
   "name": "plugins/modules/workflow_job_template_node.py",
   "ftype": "file",
   "chksum_type": "sha256",
   "chksum_sha256": "21de3d62d2f86fbd57acdafd34ae27d55da4c8e905386176800c88d7c1482056",
   "format": 1
  },
  {
   "name": "plugins/modules/workflow_launch.py",
   "ftype": "file",
   "chksum_type": "sha256",
   "chksum_sha256": "6e1a1bce7238bcca80a63f07d6ee49b2d8012a093482bd76e30e73d039608929",
   "format": 1
  },
  {
   "name": "plugins/modules/workflow_node_wait.py",
   "ftype": "file",
   "chksum_type": "sha256",
   "chksum_sha256": "30e43f8a270e36b72b18b146bd3471c80fc46a289c7e43f12ab81dfa1f8a9fb4",
   "format": 1
  },
  {
   "name": "requirements.txt",
   "ftype": "file",
   "chksum_type": "sha256",
   "chksum_sha256": "2eb11923e1347afc5075a7871e206a8f15a68471c90012f7386e9db0875e70bf",
   "format": 1
  },
  {
   "name": "test",
   "ftype": "dir",
   "chksum_type": null,
   "chksum_sha256": null,
   "format": 1
  },
  {
   "name": "test/awx",
   "ftype": "dir",
   "chksum_type": null,
   "chksum_sha256": null,
   "format": 1
  },
  {
   "name": "test/awx/conftest.py",
   "ftype": "file",
   "chksum_type": "sha256",
   "chksum_sha256": "4c2ac05f4e9b038f336acb6d082efdd9307c7414fedc6f055d56e17499d58c58",
   "format": 1
  },
  {
   "name": "test/awx/test_ad_hoc_wait.py",
   "ftype": "file",
   "chksum_type": "sha256",
   "chksum_sha256": "daed2a74d3f64fd0300255050dc8c732158db401323f44da66ccb4bf84b59633",
   "format": 1
  },
  {
   "name": "test/awx/test_application.py",
   "ftype": "file",
   "chksum_type": "sha256",
   "chksum_sha256": "a106d5fbffbe1eaec36d8247979ca637ee733a29abf94d955c48be8d2fd16842",
   "format": 1
  },
  {
   "name": "test/awx/test_completeness.py",
   "ftype": "file",
   "chksum_type": "sha256",
   "chksum_sha256": "8cdce68992142e03c012893589c354a575b41e5c1ffb82615a56e23cdb1ab41e",
   "format": 1
  },
  {
   "name": "test/awx/test_credential.py",
   "ftype": "file",
   "chksum_type": "sha256",
   "chksum_sha256": "1f8348d6f37932997c7971beb8c5f92cf649523e3d3c5d5e859846460d7d1e8d",
   "format": 1
  },
  {
   "name": "test/awx/test_credential_input_source.py",
   "ftype": "file",
   "chksum_type": "sha256",
   "chksum_sha256": "1e2e861790e583cede98648830aaa3377786ba20fda09fc8ef6d3f715825c7cf",
   "format": 1
  },
  {
   "name": "test/awx/test_credential_type.py",
   "ftype": "file",
   "chksum_type": "sha256",
   "chksum_sha256": "1fe388a0c19f08006c7718766d5faa79540dd3b14547ced43b5a237a2c2fd877",
   "format": 1
  },
  {
   "name": "test/awx/test_group.py",
   "ftype": "file",
   "chksum_type": "sha256",
   "chksum_sha256": "1ecf188e82d4c848de64c8f7fd7af2d4adb6887c6a448771ff51bb43c4fa8128",
   "format": 1
  },
  {
   "name": "test/awx/test_instance_group.py",
   "ftype": "file",
   "chksum_type": "sha256",
   "chksum_sha256": "9ce22bf5e6baa63ab096c9377478f8a3af33624def33e52753342e435924e573",
   "format": 1
  },
  {
   "name": "test/awx/test_inventory.py",
   "ftype": "file",
   "chksum_type": "sha256",
   "chksum_sha256": "70eac0cf78806e37406137fcfb97e5a249fd6b091b1f18e812278573049a4111",
   "format": 1
  },
  {
   "name": "test/awx/test_inventory_source.py",
   "ftype": "file",
   "chksum_type": "sha256",
   "chksum_sha256": "a0198aefe81dc46bf639e76448a8c9265a62cde2cbbae7c4ad33d831fd86f594",
   "format": 1
  },
  {
   "name": "test/awx/test_job.py",
   "ftype": "file",
   "chksum_type": "sha256",
   "chksum_sha256": "76ba45e14438425f7511d196613928d64253e1912a45b71ea842b1cb2c3ca335",
   "format": 1
  },
  {
   "name": "test/awx/test_job_template.py",
   "ftype": "file",
   "chksum_type": "sha256",
   "chksum_sha256": "daa239a8c65ef4a26c63ac7dce2a26fae0a05ab29a105a4197025ebdab413525",
   "format": 1
  },
  {
   "name": "test/awx/test_label.py",
   "ftype": "file",
   "chksum_type": "sha256",
   "chksum_sha256": "cd957d0b0cab6dd51539baf3fb27b659b91a8e57b20aae4c5cce7eaec9cec494",
   "format": 1
  },
  {
   "name": "test/awx/test_module_utils.py",
   "ftype": "file",
   "chksum_type": "sha256",
   "chksum_sha256": "da19747889f28cba3f49836ef64363a010c6cb78650456183efba297d71f0def",
   "format": 1
  },
  {
   "name": "test/awx/test_notification_template.py",
   "ftype": "file",
   "chksum_type": "sha256",
   "chksum_sha256": "f40d5b65fbc78d12570f37799c8e240cfb90d9948421d3db82af6427fd14854f",
   "format": 1
  },
  {
   "name": "test/awx/test_organization.py",
   "ftype": "file",
   "chksum_type": "sha256",
   "chksum_sha256": "90dacaf268600864f01bdfdb0eb34f0225a605320b5af73754cbc229610e5d24",
   "format": 1
  },
  {
   "name": "test/awx/test_project.py",
   "ftype": "file",
   "chksum_type": "sha256",
   "chksum_sha256": "cf58721b4d21e20a0cdb5fe66c8450080e5e9222a664762582d3dd2b554b3276",
   "format": 1
  },
  {
   "name": "test/awx/test_role.py",
   "ftype": "file",
   "chksum_type": "sha256",
   "chksum_sha256": "8f0340f77fd1465cf6e267b301e44ae86c5238b05aa89bd7fff145726a83ebb4",
   "format": 1
  },
  {
   "name": "test/awx/test_schedule.py",
   "ftype": "file",
   "chksum_type": "sha256",
   "chksum_sha256": "401638932d750afb0c06049b80f85c6743a2dd625dfa7758e37e3091b22fc7ef",
   "format": 1
  },
  {
   "name": "test/awx/test_settings.py",
   "ftype": "file",
   "chksum_type": "sha256",
   "chksum_sha256": "436c13933936e7b80dd26c61ea1dbf492c13974f2922f1543c4fe6e6b0fab0dd",
   "format": 1
  },
  {
   "name": "test/awx/test_team.py",
   "ftype": "file",
   "chksum_type": "sha256",
   "chksum_sha256": "cbbdbdb3be0b0d80dcfcf337ed0095774cf73ef0e937d3e8dc5abab21739db5d",
   "format": 1
  },
  {
   "name": "test/awx/test_token.py",
   "ftype": "file",
   "chksum_type": "sha256",
   "chksum_sha256": "118145cdd5f6a03df7a7a608d5f9e510236b2a54f9bcd456f4294ba69f0f4fad",
   "format": 1
  },
  {
   "name": "test/awx/test_user.py",
   "ftype": "file",
   "chksum_type": "sha256",
   "chksum_sha256": "f9520b058e16e4e4800d3a5f70cd28650a365fa357afa1d41a8c63bf3354027e",
   "format": 1
  },
  {
   "name": "test/awx/test_workflow_job_template.py",
   "ftype": "file",
   "chksum_type": "sha256",
   "chksum_sha256": "b7102848f93abbede370ddd6788004e706d0815d3c834cfc63ca1ff0fade2110",
   "format": 1
  },
  {
   "name": "test/awx/test_workflow_job_template_node.py",
   "ftype": "file",
   "chksum_type": "sha256",
   "chksum_sha256": "0806356bfd91b28153baa63ca8cbf8f7da1125dd5150e38e73aa37c65e236f6b",
   "format": 1
  },
  {
   "name": "tests",
   "ftype": "dir",
   "chksum_type": null,
   "chksum_sha256": null,
   "format": 1
  },
  {
   "name": "tests/integration",
   "ftype": "dir",
   "chksum_type": null,
   "chksum_sha256": null,
   "format": 1
  },
  {
   "name": "tests/integration/targets",
   "ftype": "dir",
   "chksum_type": null,
   "chksum_sha256": null,
   "format": 1
  },
  {
   "name": "tests/integration/targets/ad_hoc_command",
   "ftype": "dir",
   "chksum_type": null,
   "chksum_sha256": null,
   "format": 1
  },
  {
   "name": "tests/integration/targets/ad_hoc_command/tasks",
   "ftype": "dir",
   "chksum_type": null,
   "chksum_sha256": null,
   "format": 1
  },
  {
   "name": "tests/integration/targets/ad_hoc_command/tasks/main.yml",
   "ftype": "file",
   "chksum_type": "sha256",
   "chksum_sha256": "e77cbce44dc257461c1edb3602690be28a7d8bf5e11384c9f5f401b6e1cb3149",
   "format": 1
  },
  {
   "name": "tests/integration/targets/ad_hoc_command_cancel",
   "ftype": "dir",
   "chksum_type": null,
   "chksum_sha256": null,
   "format": 1
  },
  {
   "name": "tests/integration/targets/ad_hoc_command_cancel/tasks",
   "ftype": "dir",
   "chksum_type": null,
   "chksum_sha256": null,
   "format": 1
  },
  {
   "name": "tests/integration/targets/ad_hoc_command_cancel/tasks/main.yml",
   "ftype": "file",
   "chksum_type": "sha256",
   "chksum_sha256": "56ed6ec9a6fcc12f2bfa377812852308cef4310d3edf6b66347553c9e020beea",
   "format": 1
  },
  {
   "name": "tests/integration/targets/ad_hoc_command_wait",
   "ftype": "dir",
   "chksum_type": null,
   "chksum_sha256": null,
   "format": 1
  },
  {
   "name": "tests/integration/targets/ad_hoc_command_wait/tasks",
   "ftype": "dir",
   "chksum_type": null,
   "chksum_sha256": null,
   "format": 1
  },
  {
   "name": "tests/integration/targets/ad_hoc_command_wait/tasks/main.yml",
   "ftype": "file",
   "chksum_type": "sha256",
   "chksum_sha256": "ce9d9c82599c3673f4a0d7da0b7af4437bb32689b5ff607266f0c875a7b7f2b7",
   "format": 1
  },
  {
   "name": "tests/integration/targets/application",
   "ftype": "dir",
   "chksum_type": null,
   "chksum_sha256": null,
   "format": 1
  },
  {
   "name": "tests/integration/targets/application/tasks",
   "ftype": "dir",
   "chksum_type": null,
   "chksum_sha256": null,
   "format": 1
  },
  {
   "name": "tests/integration/targets/application/tasks/main.yml",
   "ftype": "file",
   "chksum_type": "sha256",
   "chksum_sha256": "7412b6ae24d725736270ef8bf6511ee048c14683c7066e6baa2983a05797f700",
   "format": 1
  },
  {
   "name": "tests/integration/targets/credential",
   "ftype": "dir",
   "chksum_type": null,
   "chksum_sha256": null,
   "format": 1
  },
  {
   "name": "tests/integration/targets/credential/tasks",
   "ftype": "dir",
   "chksum_type": null,
   "chksum_sha256": null,
   "format": 1
  },
  {
   "name": "tests/integration/targets/credential/tasks/main.yml",
   "ftype": "file",
   "chksum_type": "sha256",
   "chksum_sha256": "df1406f279fb76a35c21f2e178b20f6268f30b15305200d7bff4f70d051d3284",
   "format": 1
  },
  {
   "name": "tests/integration/targets/credential_input_source",
   "ftype": "dir",
   "chksum_type": null,
   "chksum_sha256": null,
   "format": 1
  },
  {
   "name": "tests/integration/targets/credential_input_source/tasks",
   "ftype": "dir",
   "chksum_type": null,
   "chksum_sha256": null,
   "format": 1
  },
  {
   "name": "tests/integration/targets/credential_input_source/tasks/main.yml",
   "ftype": "file",
   "chksum_type": "sha256",
   "chksum_sha256": "3e35b7229f1be070bf38bd2d768f32232905f0cb2ffc157df3234802dd728182",
   "format": 1
  },
  {
   "name": "tests/integration/targets/credential_type",
   "ftype": "dir",
   "chksum_type": null,
   "chksum_sha256": null,
   "format": 1
  },
  {
   "name": "tests/integration/targets/credential_type/tasks",
   "ftype": "dir",
   "chksum_type": null,
   "chksum_sha256": null,
   "format": 1
  },
  {
   "name": "tests/integration/targets/credential_type/tasks/main.yml",
   "ftype": "file",
   "chksum_type": "sha256",
   "chksum_sha256": "a01dbfb06d133a9960d9b3eba48181159b499f3b22df81d004cf95373f458974",
   "format": 1
  },
  {
   "name": "tests/integration/targets/demo_data",
   "ftype": "dir",
   "chksum_type": null,
   "chksum_sha256": null,
   "format": 1
  },
  {
   "name": "tests/integration/targets/demo_data/tasks",
   "ftype": "dir",
   "chksum_type": null,
   "chksum_sha256": null,
   "format": 1
  },
  {
   "name": "tests/integration/targets/demo_data/tasks/main.yml",
   "ftype": "file",
   "chksum_type": "sha256",
   "chksum_sha256": "c614e14de468fe0359f1488017d458a8dc372db9e2f0586bc8cdc4ba454a5a02",
   "format": 1
  },
  {
   "name": "tests/integration/targets/execution_environment",
   "ftype": "dir",
   "chksum_type": null,
   "chksum_sha256": null,
   "format": 1
  },
  {
   "name": "tests/integration/targets/execution_environment/tasks",
   "ftype": "dir",
   "chksum_type": null,
   "chksum_sha256": null,
   "format": 1
  },
  {
   "name": "tests/integration/targets/execution_environment/tasks/main.yml",
   "ftype": "file",
   "chksum_type": "sha256",
   "chksum_sha256": "ed2c5a7c29b95db97e1d150945e4a57fb3a299971a77023844703f239adf86aa",
   "format": 1
  },
  {
   "name": "tests/integration/targets/export",
   "ftype": "dir",
   "chksum_type": null,
   "chksum_sha256": null,
   "format": 1
  },
  {
   "name": "tests/integration/targets/export/aliases",
   "ftype": "file",
   "chksum_type": "sha256",
   "chksum_sha256": "52e1315ef042495cdf2b0ce22d8ba47f726dce15b968e301a795be1f69045f20",
   "format": 1
  },
  {
   "name": "tests/integration/targets/export/tasks",
   "ftype": "dir",
   "chksum_type": null,
   "chksum_sha256": null,
   "format": 1
  },
  {
   "name": "tests/integration/targets/export/tasks/main.yml",
   "ftype": "file",
   "chksum_type": "sha256",
   "chksum_sha256": "800c50f2f374c4e2dff5ff353777dbdcb6b0fb92eb0a304f512d88e550b42989",
   "format": 1
  },
  {
   "name": "tests/integration/targets/group",
   "ftype": "dir",
   "chksum_type": null,
   "chksum_sha256": null,
   "format": 1
  },
  {
   "name": "tests/integration/targets/group/tasks",
   "ftype": "dir",
   "chksum_type": null,
   "chksum_sha256": null,
   "format": 1
  },
  {
   "name": "tests/integration/targets/group/tasks/main.yml",
   "ftype": "file",
   "chksum_type": "sha256",
   "chksum_sha256": "1ce331c72fa80043972ca32bd9e9fe02394e9ead0aaa4664affd3fa19bf5c174",
   "format": 1
  },
  {
   "name": "tests/integration/targets/host",
   "ftype": "dir",
   "chksum_type": null,
   "chksum_sha256": null,
   "format": 1
  },
  {
   "name": "tests/integration/targets/host/tasks",
   "ftype": "dir",
   "chksum_type": null,
   "chksum_sha256": null,
   "format": 1
  },
  {
   "name": "tests/integration/targets/host/tasks/main.yml",
   "ftype": "file",
   "chksum_type": "sha256",
   "chksum_sha256": "9490898a74c074d553d8ac98dbc1d59bebc1d2a1f1899f28fd3165125ddfd44a",
   "format": 1
  },
  {
   "name": "tests/integration/targets/import",
   "ftype": "dir",
   "chksum_type": null,
   "chksum_sha256": null,
   "format": 1
  },
  {
   "name": "tests/integration/targets/import/aliases",
   "ftype": "file",
   "chksum_type": "sha256",
   "chksum_sha256": "52e1315ef042495cdf2b0ce22d8ba47f726dce15b968e301a795be1f69045f20",
   "format": 1
  },
  {
   "name": "tests/integration/targets/import/tasks",
   "ftype": "dir",
   "chksum_type": null,
   "chksum_sha256": null,
   "format": 1
  },
  {
   "name": "tests/integration/targets/import/tasks/main.yml",
   "ftype": "file",
   "chksum_type": "sha256",
   "chksum_sha256": "59c0ace95e680d9874fe15c76889c1b4beb38d2d3c66a11499581b0f328ec25a",
   "format": 1
  },
  {
   "name": "tests/integration/targets/instance_group",
   "ftype": "dir",
   "chksum_type": null,
   "chksum_sha256": null,
   "format": 1
  },
  {
   "name": "tests/integration/targets/instance_group/tasks",
   "ftype": "dir",
   "chksum_type": null,
   "chksum_sha256": null,
   "format": 1
  },
  {
   "name": "tests/integration/targets/instance_group/tasks/main.yml",
   "ftype": "file",
   "chksum_type": "sha256",
   "chksum_sha256": "2498af3df7c31531b3d029afea14945fc211c6cc8a535a855330fb699e7a7d32",
   "format": 1
  },
  {
   "name": "tests/integration/targets/inventory",
   "ftype": "dir",
   "chksum_type": null,
   "chksum_sha256": null,
   "format": 1
  },
  {
   "name": "tests/integration/targets/inventory/tasks",
   "ftype": "dir",
   "chksum_type": null,
   "chksum_sha256": null,
   "format": 1
  },
  {
   "name": "tests/integration/targets/inventory/tasks/main.yml",
   "ftype": "file",
   "chksum_type": "sha256",
   "chksum_sha256": "3e1a9072aa2c340385cbb3b6a20e19ea9c85d08b59f36432c905f842ca296828",
   "format": 1
  },
  {
   "name": "tests/integration/targets/inventory_source",
   "ftype": "dir",
   "chksum_type": null,
   "chksum_sha256": null,
   "format": 1
  },
  {
   "name": "tests/integration/targets/inventory_source/tasks",
   "ftype": "dir",
   "chksum_type": null,
   "chksum_sha256": null,
   "format": 1
  },
  {
   "name": "tests/integration/targets/inventory_source/tasks/main.yml",
   "ftype": "file",
   "chksum_type": "sha256",
   "chksum_sha256": "55ef33f725875c00e6e31a928aff85257aacf5689c7f64a0924963c44b35c5af",
   "format": 1
  },
  {
   "name": "tests/integration/targets/inventory_source_update",
   "ftype": "dir",
   "chksum_type": null,
   "chksum_sha256": null,
   "format": 1
  },
  {
   "name": "tests/integration/targets/inventory_source_update/tasks",
   "ftype": "dir",
   "chksum_type": null,
   "chksum_sha256": null,
   "format": 1
  },
  {
   "name": "tests/integration/targets/inventory_source_update/tasks/main.yml",
   "ftype": "file",
   "chksum_type": "sha256",
   "chksum_sha256": "68020f9b2d9cb3a0959b5e1d8a4a67e0249452e710e34c22421682b1f6e0eac2",
   "format": 1
  },
  {
   "name": "tests/integration/targets/job_cancel",
   "ftype": "dir",
   "chksum_type": null,
   "chksum_sha256": null,
   "format": 1
  },
  {
   "name": "tests/integration/targets/job_cancel/tasks",
   "ftype": "dir",
   "chksum_type": null,
   "chksum_sha256": null,
   "format": 1
  },
  {
   "name": "tests/integration/targets/job_cancel/tasks/main.yml",
   "ftype": "file",
   "chksum_type": "sha256",
   "chksum_sha256": "72e23ca4c467f6b23f23577597ad891613ec780c25fc00bb73bd3cd438783b2a",
   "format": 1
  },
  {
   "name": "tests/integration/targets/job_launch",
   "ftype": "dir",
   "chksum_type": null,
   "chksum_sha256": null,
   "format": 1
  },
  {
   "name": "tests/integration/targets/job_launch/tasks",
   "ftype": "dir",
   "chksum_type": null,
   "chksum_sha256": null,
   "format": 1
  },
  {
   "name": "tests/integration/targets/job_launch/tasks/main.yml",
   "ftype": "file",
   "chksum_type": "sha256",
   "chksum_sha256": "f4c564c9b92788fec1a7bdbe7ca53b2106ac7fee649912c64e366575ed3eb72a",
   "format": 1
  },
  {
   "name": "tests/integration/targets/job_list",
   "ftype": "dir",
   "chksum_type": null,
   "chksum_sha256": null,
   "format": 1
  },
  {
   "name": "tests/integration/targets/job_list/tasks",
   "ftype": "dir",
   "chksum_type": null,
   "chksum_sha256": null,
   "format": 1
  },
  {
   "name": "tests/integration/targets/job_list/tasks/main.yml",
   "ftype": "file",
   "chksum_type": "sha256",
   "chksum_sha256": "0f71862d199385973c479a2ce6a2c9eb060c80cfca19b82026a19ec60308f1b3",
   "format": 1
  },
  {
   "name": "tests/integration/targets/job_template",
   "ftype": "dir",
   "chksum_type": null,
   "chksum_sha256": null,
   "format": 1
  },
  {
   "name": "tests/integration/targets/job_template/tasks",
   "ftype": "dir",
   "chksum_type": null,
   "chksum_sha256": null,
   "format": 1
  },
  {
   "name": "tests/integration/targets/job_template/tasks/main.yml",
   "ftype": "file",
   "chksum_type": "sha256",
   "chksum_sha256": "7bea0d6db90eef3a0d938fdf3ccd8496d53fb5ba68b64b3b72a3af986157b85f",
   "format": 1
  },
  {
   "name": "tests/integration/targets/job_wait",
   "ftype": "dir",
   "chksum_type": null,
   "chksum_sha256": null,
   "format": 1
  },
  {
   "name": "tests/integration/targets/job_wait/tasks",
   "ftype": "dir",
   "chksum_type": null,
   "chksum_sha256": null,
   "format": 1
  },
  {
   "name": "tests/integration/targets/job_wait/tasks/main.yml",
   "ftype": "file",
   "chksum_type": "sha256",
   "chksum_sha256": "d7dd7fb1b9b81268a3d35a9df424fc977df5463bdef0c00b34bda6fab98682c9",
   "format": 1
  },
  {
   "name": "tests/integration/targets/label",
   "ftype": "dir",
   "chksum_type": null,
   "chksum_sha256": null,
   "format": 1
  },
  {
   "name": "tests/integration/targets/label/tasks",
   "ftype": "dir",
   "chksum_type": null,
   "chksum_sha256": null,
   "format": 1
  },
  {
   "name": "tests/integration/targets/label/tasks/main.yml",
   "ftype": "file",
   "chksum_type": "sha256",
   "chksum_sha256": "a54774f0ce66904eb1ab7c1389add53c60672d2b2d29b670034712f59e99d27d",
   "format": 1
  },
  {
   "name": "tests/integration/targets/lookup_api_plugin",
   "ftype": "dir",
   "chksum_type": null,
   "chksum_sha256": null,
   "format": 1
  },
  {
   "name": "tests/integration/targets/lookup_api_plugin/tasks",
   "ftype": "dir",
   "chksum_type": null,
   "chksum_sha256": null,
   "format": 1
  },
  {
   "name": "tests/integration/targets/lookup_api_plugin/tasks/main.yml",
   "ftype": "file",
   "chksum_type": "sha256",
   "chksum_sha256": "7cb70927c8e4126d576f3e512d81ad9158d95c033ce02b2cbcd6b3ff979eaf37",
   "format": 1
  },
  {
   "name": "tests/integration/targets/notification_template",
   "ftype": "dir",
   "chksum_type": null,
   "chksum_sha256": null,
   "format": 1
  },
  {
   "name": "tests/integration/targets/notification_template/tasks",
   "ftype": "dir",
   "chksum_type": null,
   "chksum_sha256": null,
   "format": 1
  },
  {
   "name": "tests/integration/targets/notification_template/tasks/main.yml",
   "ftype": "file",
   "chksum_type": "sha256",
   "chksum_sha256": "fe7f0d86e9bde61f8b708757f0b0627f5ace6b7cbdaf7103f8b247289ae5a295",
   "format": 1
  },
  {
   "name": "tests/integration/targets/organization",
   "ftype": "dir",
   "chksum_type": null,
   "chksum_sha256": null,
   "format": 1
  },
  {
   "name": "tests/integration/targets/organization/tasks",
   "ftype": "dir",
   "chksum_type": null,
   "chksum_sha256": null,
   "format": 1
  },
  {
   "name": "tests/integration/targets/organization/tasks/main.yml",
   "ftype": "file",
   "chksum_type": "sha256",
   "chksum_sha256": "1af876af939eb90b9252001d266ef072635c5c016636dc0f1fa85b49ac318795",
   "format": 1
  },
  {
   "name": "tests/integration/targets/project",
   "ftype": "dir",
   "chksum_type": null,
   "chksum_sha256": null,
   "format": 1
  },
  {
   "name": "tests/integration/targets/project/tasks",
   "ftype": "dir",
   "chksum_type": null,
   "chksum_sha256": null,
   "format": 1
  },
  {
   "name": "tests/integration/targets/project/tasks/main.yml",
   "ftype": "file",
   "chksum_type": "sha256",
   "chksum_sha256": "26501f0edf6f52aed83c30ec97ec72a43585452634c8b913b6d9ef9337f6ea4f",
   "format": 1
  },
  {
   "name": "tests/integration/targets/project_manual",
   "ftype": "dir",
   "chksum_type": null,
   "chksum_sha256": null,
   "format": 1
  },
  {
   "name": "tests/integration/targets/project_manual/tasks",
   "ftype": "dir",
   "chksum_type": null,
   "chksum_sha256": null,
   "format": 1
  },
  {
   "name": "tests/integration/targets/project_manual/tasks/create_project_dir.yml",
   "ftype": "file",
   "chksum_type": "sha256",
   "chksum_sha256": "fcada9d78f672fa24a3e745389f7e80f882a6d416d80c681ff8ab225438091cb",
   "format": 1
  },
  {
   "name": "tests/integration/targets/project_manual/tasks/main.yml",
   "ftype": "file",
   "chksum_type": "sha256",
   "chksum_sha256": "a1773c1365a408448e4facc5efdcc1b1e9f1f4a05e2eed59197dac00e9fa5105",
   "format": 1
  },
  {
   "name": "tests/integration/targets/project_update",
   "ftype": "dir",
   "chksum_type": null,
   "chksum_sha256": null,
   "format": 1
  },
  {
   "name": "tests/integration/targets/project_update/tasks",
   "ftype": "dir",
   "chksum_type": null,
   "chksum_sha256": null,
   "format": 1
  },
  {
   "name": "tests/integration/targets/project_update/tasks/main.yml",
   "ftype": "file",
   "chksum_type": "sha256",
   "chksum_sha256": "cfe9600b0f76c887c924cc051dbd978559f58ca45ad88c760fc44a1a4f1c5a08",
   "format": 1
  },
  {
   "name": "tests/integration/targets/role",
   "ftype": "dir",
   "chksum_type": null,
   "chksum_sha256": null,
   "format": 1
  },
  {
   "name": "tests/integration/targets/role/tasks",
   "ftype": "dir",
   "chksum_type": null,
   "chksum_sha256": null,
   "format": 1
  },
  {
   "name": "tests/integration/targets/role/tasks/main.yml",
   "ftype": "file",
   "chksum_type": "sha256",
   "chksum_sha256": "2324c19783d31feaec64a569f926e4e494edf6cced45cb3168283d35f4d1e091",
   "format": 1
  },
  {
   "name": "tests/integration/targets/schedule",
   "ftype": "dir",
   "chksum_type": null,
   "chksum_sha256": null,
   "format": 1
  },
  {
   "name": "tests/integration/targets/schedule/tasks",
   "ftype": "dir",
   "chksum_type": null,
   "chksum_sha256": null,
   "format": 1
  },
  {
   "name": "tests/integration/targets/schedule/tasks/main.yml",
   "ftype": "file",
   "chksum_type": "sha256",
   "chksum_sha256": "f345fc0f312d40ca6f9ab38cec932f4235da1912ccb7d4c8c39e88e414c4aab7",
   "format": 1
  },
  {
   "name": "tests/integration/targets/schedule_rrule",
   "ftype": "dir",
   "chksum_type": null,
   "chksum_sha256": null,
   "format": 1
  },
  {
   "name": "tests/integration/targets/schedule_rrule/tasks",
   "ftype": "dir",
   "chksum_type": null,
   "chksum_sha256": null,
   "format": 1
  },
  {
   "name": "tests/integration/targets/schedule_rrule/tasks/main.yml",
   "ftype": "file",
   "chksum_type": "sha256",
   "chksum_sha256": "2d3b202620a305fcf477836f22ce7e52a195b0f43b3c854ffec5763d6411b26b",
   "format": 1
  },
  {
   "name": "tests/integration/targets/settings",
   "ftype": "dir",
   "chksum_type": null,
   "chksum_sha256": null,
   "format": 1
  },
  {
   "name": "tests/integration/targets/settings/tasks",
   "ftype": "dir",
   "chksum_type": null,
   "chksum_sha256": null,
   "format": 1
  },
  {
   "name": "tests/integration/targets/settings/tasks/main.yml",
   "ftype": "file",
   "chksum_type": "sha256",
   "chksum_sha256": "1d02d2e1a163b170fa15d54b37ec7da22509d45f4cc194583ec1a1c5d5682b16",
   "format": 1
  },
  {
   "name": "tests/integration/targets/team",
   "ftype": "dir",
   "chksum_type": null,
   "chksum_sha256": null,
   "format": 1
  },
  {
   "name": "tests/integration/targets/team/tasks",
   "ftype": "dir",
   "chksum_type": null,
   "chksum_sha256": null,
   "format": 1
  },
  {
   "name": "tests/integration/targets/team/tasks/main.yml",
   "ftype": "file",
   "chksum_type": "sha256",
   "chksum_sha256": "ea5b32cc64a4b1553bc5b254b09ef61187911e6364bb7a4d3c3159233182bdc7",
   "format": 1
  },
  {
   "name": "tests/integration/targets/token",
   "ftype": "dir",
   "chksum_type": null,
   "chksum_sha256": null,
   "format": 1
  },
  {
   "name": "tests/integration/targets/token/tasks",
   "ftype": "dir",
   "chksum_type": null,
   "chksum_sha256": null,
   "format": 1
  },
  {
   "name": "tests/integration/targets/token/tasks/main.yml",
   "ftype": "file",
   "chksum_type": "sha256",
   "chksum_sha256": "606e16dcd72ab4a0a6c26aedf8830e1de844266e7fa54254c93ed7e307c950d7",
   "format": 1
  },
  {
   "name": "tests/integration/targets/user",
   "ftype": "dir",
   "chksum_type": null,
   "chksum_sha256": null,
   "format": 1
  },
  {
   "name": "tests/integration/targets/user/tasks",
   "ftype": "dir",
   "chksum_type": null,
   "chksum_sha256": null,
   "format": 1
  },
  {
   "name": "tests/integration/targets/user/tasks/main.yml",
   "ftype": "file",
   "chksum_type": "sha256",
   "chksum_sha256": "fcd2f9c2eb7d8dedac79986c64e42af5b83d415e0f17e4384fa59433b5ab5756",
   "format": 1
  },
  {
   "name": "tests/integration/targets/workflow_job_template",
   "ftype": "dir",
   "chksum_type": null,
   "chksum_sha256": null,
   "format": 1
  },
  {
   "name": "tests/integration/targets/workflow_job_template/tasks",
   "ftype": "dir",
   "chksum_type": null,
   "chksum_sha256": null,
   "format": 1
  },
  {
   "name": "tests/integration/targets/workflow_job_template/tasks/main.yml",
   "ftype": "file",
   "chksum_type": "sha256",
   "chksum_sha256": "2cfceda30e17b081702ee3755b95695a3e4dcaecd32871a23565768ef4631233",
   "format": 1
  },
  {
   "name": "tests/integration/targets/workflow_launch",
   "ftype": "dir",
   "chksum_type": null,
   "chksum_sha256": null,
   "format": 1
  },
  {
   "name": "tests/integration/targets/workflow_launch/tasks",
   "ftype": "dir",
   "chksum_type": null,
   "chksum_sha256": null,
   "format": 1
  },
  {
   "name": "tests/integration/targets/workflow_launch/tasks/main.yml",
   "ftype": "file",
   "chksum_type": "sha256",
   "chksum_sha256": "2f0511fc5ad221899c937c914811246f436abe286ed3ae3e0319c92cd927e4cb",
   "format": 1
  }
 ],
 "format": 1
}