<?xml version="1.0"?>
<gconf>
	<dir name="schemas">
		<dir name="desktop">
			<dir name="gnome">
				<dir name="url-handlers">
					<dir name="xmpp">
						<entry name="needs_terminal">
							<local_schema short_desc="터미널로부터 명령 수행">
								<longdesc>이 형식의 URL을 처리하기 위해 사용하는 명령을 터미널로부터 시작하는 경우에는 TRUE 입니다.</longdesc>
							</local_schema>
						</entry>
						<entry name="command">
							<local_schema short_desc="&quot;xmpp&quot; 용 핸들">
								<longdesc>&quot;xmpp&quot; URL을 처리할 때 사용하는 명령입니다 (이용 가능한 경우).</longdesc>
							</local_schema>
						</entry>
						<entry name="enabled">
							<local_schema short_desc="지정한 명령으로 &quot;xmpp&quot; URL을 처리할까 말까">
								<longdesc>&quot;command&quot; 키로 지정한 명령으로 &quot;xmpp&quot; URL을 처리하는 경우에는 TRUE 입니다.</longdesc>
							</local_schema>
						</entry>
					</dir>
					<dir name="sip">
						<entry name="needs_terminal">
							<local_schema short_desc="터미널로부터 명령 수행">
								<longdesc>이 형식의 URL을 처리하기 위해 사용하는 명령을 터미널로부터 시작하는 경우에는 TRUE 입니다.</longdesc>
							</local_schema>
						</entry>
						<entry name="command">
							<local_schema short_desc="&quot;sip&quot; 용 핸들">
								<longdesc>&quot;sip&quot; URL을 처리할 때 사용하는 명령입니다 (이용 가능한 경우).</longdesc>
							</local_schema>
						</entry>
						<entry name="enabled">
							<local_schema short_desc="지정한 명령으로 &quot;sip&quot; URL을 처리할까 말까">
								<longdesc>&quot;command&quot; 키로 지정한 명령으로 &quot;sip&quot; URL을 처리하는 경우에는 TRUE 입니다.</longdesc>
							</local_schema>
						</entry>
					</dir>
					<dir name="irc">
						<entry name="needs_terminal">
							<local_schema short_desc="터미널로부터 명령 수행">
								<longdesc>이 형식의 URL을 처리하기 위해 사용하는 명령을 터미널로부터 시작하는 경우에는 TRUE 입니다.</longdesc>
							</local_schema>
						</entry>
						<entry name="command">
							<local_schema short_desc="&quot;irc&quot; 용 핸들">
								<longdesc>&quot;irc&quot; URL을 처리할 때 사용하는 명령입니다 (이용 가능한 경우).</longdesc>
							</local_schema>
						</entry>
						<entry name="enabled">
							<local_schema short_desc="지정한 명령으로 &quot;irc&quot; URL을 처리할까 말까">
								<longdesc>&quot;command&quot; 키로 지정한 명령으로 &quot;irc&quot; URL을 처리하는 경우에는 TRUE 입니다.</longdesc>
							</local_schema>
						</entry>
					</dir>
					<dir name="icq">
						<entry name="needs_terminal">
							<local_schema short_desc="터미널로부터 명령 수행">
								<longdesc>이 형식의 URL을 처리하기 위해 사용하는 명령을 터미널로부터 시작하는 경우에는 TRUE 입니다.</longdesc>
							</local_schema>
						</entry>
						<entry name="command">
							<local_schema short_desc="&quot;icq&quot; 용 핸들">
								<longdesc>&quot;icq&quot; URL을 처리할 때 사용하는 명령입니다 (이용 가능한 경우).</longdesc>
							</local_schema>
						</entry>
						<entry name="enabled">
							<local_schema short_desc="지정한 명령으로 &quot;icq&quot; URL을 처리할까 말까">
								<longdesc>&quot;command&quot; 키로 지정한 명령으로 &quot;icq&quot; URL을 처리하는 경우에는 TRUE 입니다.</longdesc>
							</local_schema>
						</entry>
					</dir>
					<dir name="gg">
						<entry name="needs_terminal">
							<local_schema short_desc="터미널로부터 명령 수행">
								<longdesc>이 형식의 URL을 처리하기 위해 사용하는 명령을 터미널로부터 시작하는 경우에는 TRUE 입니다.</longdesc>
							</local_schema>
						</entry>
						<entry name="command">
							<local_schema short_desc="&quot;gg&quot; 용 핸들">
								<longdesc>&quot;gg&quot; URL을 처리할 때 사용하는 명령입니다 (이용 가능한 경우).</longdesc>
							</local_schema>
						</entry>
						<entry name="enabled">
							<local_schema short_desc="지정한 명령으로 &quot;gg&quot; URL을 처리할까 말까">
								<longdesc>&quot;command&quot; 키로 지정한 명령으로 &quot;gg&quot; URL을 처리하는 경우에는 TRUE 입니다.</longdesc>
							</local_schema>
						</entry>
					</dir>
					<dir name="aim">
						<entry name="needs_terminal">
							<local_schema short_desc="터미널로부터 명령 수행">
								<longdesc>이 형식의 URL을 처리하기 위해 사용하는 명령을 터미널로부터 시작하는 경우에는 TRUE 입니다.</longdesc>
							</local_schema>
						</entry>
						<entry name="command">
							<local_schema short_desc="&quot;aim&quot; 용 핸들">
								<longdesc>&quot;aim&quot; URL을 처리할 때 사용하는 명령입니다 (이용 가능한 경우).</longdesc>
							</local_schema>
						</entry>
						<entry name="enabled">
							<local_schema short_desc="지정한 명령으로 &quot;aim&quot; URL을 처리할까 말까">
								<longdesc>&quot;command&quot; 키로 지정한 명령으로 &quot;aim&quot; URL을 처리하는 경우에는 TRUE 입니다.</longdesc>
							</local_schema>
						</entry>
					</dir>
				</dir>
			</dir>
		</dir>
	</dir>
</gconf>
