<?xml version="1.0"?>
<gconf>
	<dir name="schemas">
		<dir name="desktop">
			<dir name="gnome">
				<dir name="url-handlers">
					<dir name="xmpp">
						<entry name="needs_terminal">
							<local_schema short_desc="টাৰ্মিনেলেত আদেশ সঞ্চালিত হ&apos;ব">
								<longdesc>এই ধৰনৰ URL পৰিচালনাৰ বাবে চিহ্নিত আদেশ টাৰ্মিনেলেত সঞ্চালনাৰ বাবে ধাৰ্য কৰা হ&apos;লে মান True (সত্য) হ&apos;ব ।</longdesc>
							</local_schema>
						</entry>
						<entry name="command">
							<local_schema short_desc="&quot;xmpp&quot; ৰূপৰ URL সমূহৰ হ্যান্ডলাৰ">
								<longdesc>সক্ৰিয় থাকিলে, &quot;xmpp&quot; URL ব্যৱস্থাপনাৰ বাবে ব্যৱহাৰযোগ্য আদেশ ।</longdesc>
							</local_schema>
						</entry>
						<entry name="enabled">
							<local_schema short_desc="নিৰ্দিষ্ট আদেশ সহায়ত &quot;xmpp&quot; URL পৰিচালিত হ&apos;ব কি না">
								<longdesc>&quot;command&quot; কি দ্বাৰা নিৰ্ধাৰিত আদেশৰ সহায়ত &quot;xmpp&quot; URL পৰিচালিত হ&apos;লে মান True (সত্য) হ&apos;ব ।</longdesc>
							</local_schema>
						</entry>
					</dir>
					<dir name="sip">
						<entry name="needs_terminal">
							<local_schema short_desc="টাৰ্মিনেলেত আদেশ সঞ্চালিত হ&apos;ব">
								<longdesc>এই ধৰনৰ URL পৰিচালনাৰ বাবে চিহ্নিত আদেশ টাৰ্মিনেলেত সঞ্চালনাৰ বাবে ধাৰ্য কৰা হ&apos;লে মান True (সত্য) হ&apos;ব ।</longdesc>
							</local_schema>
						</entry>
						<entry name="command">
							<local_schema short_desc="&quot;sip&quot; ৰূপৰ URL সমূহৰ হ্যান্ডলাৰ">
								<longdesc>সক্ৰিয় থাকিলে, &quot;sip&quot; URL ব্যৱস্থাপনাৰ বাবে ব্যৱহাৰযোগ্য আদেশ ।</longdesc>
							</local_schema>
						</entry>
						<entry name="enabled">
							<local_schema short_desc="নিৰ্দিষ্ট আদেশ সহায়ত &quot;sip&quot; URL পৰিচালিত হ&apos;ব কি না">
								<longdesc>&quot;command&quot; কি দ্বাৰা নিৰ্ধাৰিত আদেশৰ সহায়ত &quot;sip&quot; URL পৰিচালিত হ&apos;লে মান True (সত্য) হ&apos;ব ।</longdesc>
							</local_schema>
						</entry>
					</dir>
					<dir name="irc">
						<entry name="needs_terminal">
							<local_schema short_desc="টাৰ্মিনেলেত আদেশ সঞ্চালিত হ&apos;ব">
								<longdesc>এই ধৰনৰ URL পৰিচালনাৰ বাবে চিহ্নিত আদেশ টাৰ্মিনেলেত সঞ্চালনাৰ বাবে ধাৰ্য কৰা হ&apos;লে মান True (সত্য) হ&apos;ব ।</longdesc>
							</local_schema>
						</entry>
						<entry name="command">
							<local_schema short_desc="&quot;irc&quot; ৰূপৰ URL সমূহৰ হ্যান্ডলাৰ">
								<longdesc>সক্ৰিয় থাকিলে, &quot;irc&quot; URL ব্যৱস্থাপনাৰ বাবে ব্যৱহাৰযোগ্য আদেশ ।</longdesc>
							</local_schema>
						</entry>
						<entry name="enabled">
							<local_schema short_desc="নিৰ্দিষ্ট আদেশ সহায়ত &quot;irc&quot; URL পৰিচালিত হ&apos;ব কি না">
								<longdesc>&quot;command&quot; কি দ্বাৰা নিৰ্ধাৰিত আদেশৰ সহায়ত &quot;irc&quot; URL পৰিচালিত হ&apos;লে মান True (সত্য) হ&apos;ব ।</longdesc>
							</local_schema>
						</entry>
					</dir>
					<dir name="icq">
						<entry name="needs_terminal">
							<local_schema short_desc="টাৰ্মিনেলেত আদেশ সঞ্চালিত হ&apos;ব">
								<longdesc>এই ধৰনৰ URL পৰিচালনাৰ বাবে চিহ্নিত আদেশ টাৰ্মিনেলেত সঞ্চালনাৰ বাবে ধাৰ্য কৰা হ&apos;লে মান True (সত্য) হ&apos;ব ।</longdesc>
							</local_schema>
						</entry>
						<entry name="command">
							<local_schema short_desc="&quot;icq&quot; ৰূপৰ URL সমূহৰ হ্যান্ডলাৰ">
								<longdesc>সক্ৰিয় থাকিলে, &quot;icq&quot; URL ব্যৱস্থাপনাৰ বাবে ব্যৱহাৰযোগ্য আদেশ ।</longdesc>
							</local_schema>
						</entry>
						<entry name="enabled">
							<local_schema short_desc="নিৰ্দিষ্ট আদেশ সহায়ত &quot;icq&quot; URL পৰিচালিত হ&apos;ব কি না">
								<longdesc>&quot;command&quot; কি দ্বাৰা নিৰ্ধাৰিত আদেশৰ সহায়ত &quot;icq&quot; URL পৰিচালিত হ&apos;লে মান True (সত্য) হ&apos;ব ।</longdesc>
							</local_schema>
						</entry>
					</dir>
					<dir name="gg">
						<entry name="needs_terminal">
							<local_schema short_desc="টাৰ্মিনেলেত আদেশ সঞ্চালিত হ&apos;ব">
								<longdesc>এই ধৰনৰ URL পৰিচালনাৰ বাবে চিহ্নিত আদেশ টাৰ্মিনেলেত সঞ্চালনাৰ বাবে ধাৰ্য কৰা হ&apos;লে মান True (সত্য) হ&apos;ব ।</longdesc>
							</local_schema>
						</entry>
						<entry name="command">
							<local_schema short_desc="&quot;gg&quot; ৰূপৰ URL সমূহৰ হ্যান্ডলাৰ">
								<longdesc>সক্ৰিয় থাকিলে, &quot;gg&quot; URL ব্যৱস্থাপনাৰ বাবে ব্যৱহাৰযোগ্য আদেশ ।</longdesc>
							</local_schema>
						</entry>
						<entry name="enabled">
							<local_schema short_desc="নিৰ্দিষ্ট আদেশ সহায়ত &quot;gg&quot; URL পৰিচালিত হ&apos;ব কি না">
								<longdesc>&quot;command&quot; কি দ্বাৰা নিৰ্ধাৰিত আদেশৰ সহায়ত &quot;gg&quot; URL পৰিচালিত হ&apos;লে মান True (সত্য) হ&apos;ব ।</longdesc>
							</local_schema>
						</entry>
					</dir>
					<dir name="aim">
						<entry name="needs_terminal">
							<local_schema short_desc="টাৰ্মিনেলেত আদেশ সঞ্চালিত হ&apos;ব">
								<longdesc>এই ধৰনৰ URL পৰিচালনাৰ বাবে চিহ্নিত আদেশ টাৰ্মিনেলেত সঞ্চালনাৰ বাবে ধাৰ্য কৰা হ&apos;লে মান True (সত্য) হ&apos;ব ।</longdesc>
							</local_schema>
						</entry>
						<entry name="command">
							<local_schema short_desc="&quot;aim&quot; ৰূপৰ URL সমূহৰ হ্যান্ডলাৰ">
								<longdesc>সক্ৰিয় থাকিলে, &quot;aim&quot; URL ব্যৱস্থাপনাৰ বাবে ব্যৱহাৰযোগ্য আদেশ ।</longdesc>
							</local_schema>
						</entry>
						<entry name="enabled">
							<local_schema short_desc="নিৰ্দিষ্ট আদেশ সহায়ত &quot;aim&quot; URL পৰিচালিত হ&apos;ব কি না">
								<longdesc>&quot;command&quot; কি দ্বাৰা নিৰ্ধাৰিত আদেশৰ সহায়ত &quot;aim&quot; URL পৰিচালিত হ&apos;লে মান True (সত্য) হ&apos;ব ।</longdesc>
							</local_schema>
						</entry>
					</dir>
				</dir>
			</dir>
		</dir>
	</dir>
</gconf>
