<?xml version="1.0"?>
<gconf>
	<dir name="schemas">
		<dir name="desktop">
			<dir name="gnome">
				<dir name="url-handlers">
					<dir name="xmpp">
						<entry name="needs_terminal">
							<local_schema short_desc="Palaist komandu terminālī">
								<longdesc>Patiess, ja komandai, lietotai, lai apdarinātu šāda tipa vietrāžus URL, vajadzētu tikt palaistai terminālī.</longdesc>
							</local_schema>
						</entry>
						<entry name="command">
							<local_schema short_desc="Apdarinātājs priekš &quot;xmpp&quot; vietrāžiem URL">
								<longdesc>Komanda, kura lietota, lai apdarinātu &quot;xmpp&quot; vietrāžus URL, ja ieslēgta.</longdesc>
							</local_schema>
						</entry>
						<entry name="enabled">
							<local_schema short_desc="Vai norādītajai komandai vajadzētu apdarināt &quot;xmpp&quot; vietrāžus URL">
								<longdesc>Patiess, ja komandai, norādītai &quot;komanda&quot; atslēgā, vajadzētu apdarināt &quot;xmpp&quot; vietrāžus URL.</longdesc>
							</local_schema>
						</entry>
					</dir>
					<dir name="sip">
						<entry name="needs_terminal">
							<local_schema short_desc="Palaist komandu terminālī">
								<longdesc>Patiess, ja komandai, lietotai, lai apdarinātu šāda tipa vietrāžus URL, vajadzētu tikt palaistai terminālī.</longdesc>
							</local_schema>
						</entry>
						<entry name="command">
							<local_schema short_desc="Apdarinātājs priekš &quot;sip&quot; vietrāžiem URL">
								<longdesc>Komanda, kura lietota, lai apdarinātu &quot;sip&quot; vietrāžus URL, ja ieslēgta.</longdesc>
							</local_schema>
						</entry>
						<entry name="enabled">
							<local_schema short_desc="Vai norādītajai komandai vajadzētu apdarināt &quot;sip&quot; vietrāžus URL">
								<longdesc>Patiess, ja komandai, norādītai &quot;komanda&quot; atslēgā, vajadzētu apdarināt &quot;sip&quot; vietrāžus URL.</longdesc>
							</local_schema>
						</entry>
					</dir>
					<dir name="irc">
						<entry name="needs_terminal">
							<local_schema short_desc="Palaist komandu terminālī">
								<longdesc>Patiess, ja komandai, lietotai, lai apdarinātu šāda tipa vietrāžus URL, vajadzētu tikt palaistai terminālī.</longdesc>
							</local_schema>
						</entry>
						<entry name="command">
							<local_schema short_desc="Apdarinātājs priekš &quot;irc&quot; vietrāžiem URL">
								<longdesc>Komanda, kura lietota, lai apdarinātu &quot;irc&quot; vietrāžus URL, ja ieslēgta.</longdesc>
							</local_schema>
						</entry>
						<entry name="enabled">
							<local_schema short_desc="Vai norādītajai komandai vajadzētu apdarināt &quot;irc&quot; vietrāžus URL">
								<longdesc>Patiess, ja komandai, norādītai &quot;komanda&quot; atslēgā, vajadzētu apdarināt &quot;irc&quot; vietrāžus URL.</longdesc>
							</local_schema>
						</entry>
					</dir>
					<dir name="icq">
						<entry name="needs_terminal">
							<local_schema short_desc="Palaist komandu terminālī">
								<longdesc>Patiess, ja komandai, lietotai, lai apdarinātu šāda tipa vietrāžus URL, vajadzētu tikt palaistai terminālī.</longdesc>
							</local_schema>
						</entry>
						<entry name="command">
							<local_schema short_desc="Apdarinātājs priekš &quot;icq&quot; vietrāžiem URL">
								<longdesc>Komanda, kura lietota, lai apdarinātu &quot;icq&quot; vietrāžus URL, ja ieslēgta.</longdesc>
							</local_schema>
						</entry>
						<entry name="enabled">
							<local_schema short_desc="Vai norādītajai komandai vajadzētu apdarināt &quot;icq&quot; vietrāžus URL">
								<longdesc>Patiess, ja komandai, norādītai &quot;komanda&quot; atslēgā, vajadzētu apdarināt &quot;icq&quot; vietrāžus URL.</longdesc>
							</local_schema>
						</entry>
					</dir>
					<dir name="gg">
						<entry name="needs_terminal">
							<local_schema short_desc="Palaist komandu terminālī">
								<longdesc>Patiess, ja komandai, lietotai, lai apdarinātu šāda tipa vietrāžus URL, vajadzētu tikt palaistai terminālī.</longdesc>
							</local_schema>
						</entry>
						<entry name="command">
							<local_schema short_desc="Apdarinātājs priekš &quot;gg&quot; vietrāžiem URL">
								<longdesc>Komanda, kura lietota, lai apdarinātu &quot;gg&quot; vietrāžus URL, ja ieslēgta.</longdesc>
							</local_schema>
						</entry>
						<entry name="enabled">
							<local_schema short_desc="Vai norādītajai komandai vajadzētu apdarināt &quot;gg&quot; vietrāžus URL">
								<longdesc>Patiess, ja komandai, norādītai &quot;komanda&quot; atslēgā, vajadzētu apdarināt &quot;gg&quot; vietrāžus URL.</longdesc>
							</local_schema>
						</entry>
					</dir>
					<dir name="aim">
						<entry name="needs_terminal">
							<local_schema short_desc="Palaist komandu terminālī">
								<longdesc>Patiess, ja komandai, lietotai, lai apdarinātu šāda tipa vietrāžus URL, vajadzētu tikt palaistai terminālī.</longdesc>
							</local_schema>
						</entry>
						<entry name="command">
							<local_schema short_desc="Apdarinātājs priekš &quot;aim&quot; vietrāžiem URL">
								<longdesc>Komanda, kura lietota, lai apdarinātu &quot;aim&quot; vietrāžus URL, ja ieslēgta.</longdesc>
							</local_schema>
						</entry>
						<entry name="enabled">
							<local_schema short_desc="Vai norādītajai komandai vajadzētu apdarināt &quot;aim&quot; vietrāžus URL">
								<longdesc>Patiess, ja komandai, norādītai &quot;komanda&quot; atslēgā, vajadzētu apdarināt &quot;aim&quot; vietrāžus URL.</longdesc>
							</local_schema>
						</entry>
					</dir>
				</dir>
			</dir>
		</dir>
	</dir>
</gconf>
