<?xml version="1.0"?>
<gconf>
	<dir name="schemas">
		<dir name="desktop">
			<dir name="gnome">
				<dir name="url-handlers">
					<dir name="xmpp">
						<entry name="needs_terminal">
							<local_schema short_desc="Aviar la comanda dins un terminal">
								<longdesc>Verai se la comanda utilizada per gerir aqueste tipe d&apos;URL deu èsser aviada dins un terminal</longdesc>
							</local_schema>
						</entry>
						<entry name="command">
							<local_schema short_desc="Lo gestionari de las URL en « xmpp »">
								<longdesc>Se activat, la comanda utilizada per gerir las URL en « xmpp »</longdesc>
							</local_schema>
						</entry>
						<entry name="enabled">
							<local_schema short_desc="La comanda descrita deu gerir las URL en « xmpp »">
								<longdesc>Indica se la comanda descrita dins la clau « command » deu gerir las URL en « xmpp ».</longdesc>
							</local_schema>
						</entry>
					</dir>
					<dir name="sip">
						<entry name="needs_terminal">
							<local_schema short_desc="Aviar la comanda dins un terminal">
								<longdesc>Verai se la comanda utilizada per gerir aqueste tipe d&apos;URL deu èsser aviada dins un terminal</longdesc>
							</local_schema>
						</entry>
						<entry name="command">
							<local_schema short_desc="Lo gestionari de las URL en « sip »">
								<longdesc>Se activat, la comanda utilizada per gerir las URL en « sip »</longdesc>
							</local_schema>
						</entry>
						<entry name="enabled">
							<local_schema short_desc="La comanda descrita deu gerir las URL en « sip »">
								<longdesc>Indica se la comanda descrita dins la clau « command » deu gerir las URL en « sip ».</longdesc>
							</local_schema>
						</entry>
					</dir>
					<dir name="irc">
						<entry name="needs_terminal">
							<local_schema short_desc="Aviar la comanda dins un terminal">
								<longdesc>Verai se la comanda utilizada per gerir aqueste tipe d&apos;URL deu èsser aviada dins un terminal</longdesc>
							</local_schema>
						</entry>
						<entry name="command">
							<local_schema short_desc="Lo gestionari de las URL en « irc »">
								<longdesc>Se activat, la comanda utilizada per gerir las URL en « irc »</longdesc>
							</local_schema>
						</entry>
						<entry name="enabled">
							<local_schema short_desc="La comanda descrita deu gerir las URL en « irc »">
								<longdesc>Indica se la comanda descrita dins la clau « command » deu gerir las URL en « irc ».</longdesc>
							</local_schema>
						</entry>
					</dir>
					<dir name="icq">
						<entry name="needs_terminal">
							<local_schema short_desc="Aviar la comanda dins un terminal">
								<longdesc>Verai se la comanda utilizada per gerir aqueste tipe d&apos;URL deu èsser aviada dins un terminal</longdesc>
							</local_schema>
						</entry>
						<entry name="command">
							<local_schema short_desc="Lo gestionari de las URL en « icq »">
								<longdesc>Se activat, la comanda utilizada per gerir las URL en « icq »</longdesc>
							</local_schema>
						</entry>
						<entry name="enabled">
							<local_schema short_desc="La comanda descrita deu gerir las URL en « icq ».">
								<longdesc>Indica se la comanda descrita dins la clau « command » deu gerir las URL en « icq ».</longdesc>
							</local_schema>
						</entry>
					</dir>
					<dir name="gg">
						<entry name="needs_terminal">
							<local_schema short_desc="Aviar la comanda dins un terminal">
								<longdesc>Verai se la comanda utilizada per gerir aqueste tipe d&apos;URL deu èsser aviada dins un terminal</longdesc>
							</local_schema>
						</entry>
						<entry name="command">
							<local_schema short_desc="Lo gestionari de las URL en « gg »">
								<longdesc>Se activat, la comanda utilizada per gerir las URL en « gg »</longdesc>
							</local_schema>
						</entry>
						<entry name="enabled">
							<local_schema short_desc="La comanda descrita deu gerir las URL en « gg ».">
								<longdesc>Indica se la comanda descrita dins la clau « command » deu gerir las URL en « gg ».</longdesc>
							</local_schema>
						</entry>
					</dir>
					<dir name="aim">
						<entry name="needs_terminal">
							<local_schema short_desc="Aviar la comanda dins un terminal">
								<longdesc>Verai se la comanda utilizada per gerir aqueste tipe d&apos;URL deu èsser aviada dins un terminal</longdesc>
							</local_schema>
						</entry>
						<entry name="command">
							<local_schema short_desc="Lo gestionari de las URL en « aim »">
								<longdesc>Se activat, la comanda utilizada per gerir las URL en « aim »</longdesc>
							</local_schema>
						</entry>
						<entry name="enabled">
							<local_schema short_desc="La comanda descrita deu gerir las URL en « aim ».">
								<longdesc>Indica se la comanda descrita dins la clau « command » deu gerir las URL en « aim ».</longdesc>
							</local_schema>
						</entry>
					</dir>
				</dir>
			</dir>
		</dir>
	</dir>
</gconf>
