<?xml version="1.0"?>
<gconf>
	<dir name="schemas">
		<dir name="desktop">
			<dir name="gnome">
				<dir name="url-handlers">
					<dir name="xmpp">
						<entry name="needs_terminal">
							<local_schema short_desc="Cuir an t-ordú i bhfeidhm i dteirminéal">
								<longdesc>Fíor más mian leat URLanna den chineál seo a láimhseáil le hordú i dteirminéal.</longdesc>
							</local_schema>
						</entry>
						<entry name="command">
							<local_schema short_desc="An láimhseálaí le haghaidh URLanna &quot;xmpp&quot;">
								<longdesc>An t-ordú chun URLanna &quot;xmpp&quot; a láimhseáil.</longdesc>
							</local_schema>
						</entry>
						<entry name="enabled">
							<local_schema short_desc="Ar chóir don ordú sonraithe URLanna &quot;xmpp&quot; a láimhseáil">
								<longdesc>Fíor más mian leat URLanna &quot;xmpp&quot; a láimhseáil leis an ordú sa réimse &quot;command&quot;.</longdesc>
							</local_schema>
						</entry>
					</dir>
					<dir name="sip">
						<entry name="needs_terminal">
							<local_schema short_desc="Cuir an t-ordú i bhfeidhm i dteirminéal">
								<longdesc>Fíor más mian leat URLanna den chineál seo a láimhseáil le hordú i dteirminéal.</longdesc>
							</local_schema>
						</entry>
						<entry name="command">
							<local_schema short_desc="An láimhseálaí le haghaidh URLanna &quot;sip&quot;">
								<longdesc>An t-ordú chun URLanna &quot;sip&quot; a láimhseáil.</longdesc>
							</local_schema>
						</entry>
						<entry name="enabled">
							<local_schema short_desc="Ar chóir don ordú sonraithe URLanna &quot;sip&quot; a láimhseáil">
								<longdesc>Fíor más mian leat URLanna &quot;sip&quot; a láimhseáil leis an ordú sa réimse &quot;command&quot;.</longdesc>
							</local_schema>
						</entry>
					</dir>
					<dir name="irc">
						<entry name="needs_terminal">
							<local_schema short_desc="Cuir an t-ordú i bhfeidhm i dteirminéal">
								<longdesc>Fíor más mian leat URLanna den chineál seo a láimhseáil le hordú i dteirminéal.</longdesc>
							</local_schema>
						</entry>
						<entry name="command">
							<local_schema short_desc="An láimhseálaí le haghaidh URLanna &quot;irc&quot;">
								<longdesc>An t-ordú chun URLanna &quot;irc&quot; a láimhseáil.</longdesc>
							</local_schema>
						</entry>
						<entry name="enabled">
							<local_schema short_desc="Ar chóir don ordú sonraithe URLanna &quot;irc&quot; a láimhseáil">
								<longdesc>Fíor más mian leat URLanna &quot;irc&quot; a láimhseáil leis an ordú sa réimse &quot;command&quot;.</longdesc>
							</local_schema>
						</entry>
					</dir>
					<dir name="icq">
						<entry name="needs_terminal">
							<local_schema short_desc="Cuir an t-ordú i bhfeidhm i dteirminéal">
								<longdesc>Fíor más mian leat URLanna den chineál seo a láimhseáil le hordú i dteirminéal.</longdesc>
							</local_schema>
						</entry>
						<entry name="command">
							<local_schema short_desc="An láimhseálaí le haghaidh URLanna &quot;icq&quot;">
								<longdesc>An t-ordú chun URLanna &quot;icq&quot; a láimhseáil.</longdesc>
							</local_schema>
						</entry>
						<entry name="enabled">
							<local_schema short_desc="Ar chóir don ordú sonraithe URLanna &quot;icq&quot; a láimhseáil">
								<longdesc>Fíor más mian leat URLanna &quot;icq&quot; a láimhseáil leis an ordú sa réimse &quot;command&quot;.</longdesc>
							</local_schema>
						</entry>
					</dir>
					<dir name="gg">
						<entry name="needs_terminal">
							<local_schema short_desc="Cuir an t-ordú i bhfeidhm i dteirminéal">
								<longdesc>Fíor más mian leat URLanna den chineál seo a láimhseáil le hordú i dteirminéal.</longdesc>
							</local_schema>
						</entry>
						<entry name="command">
							<local_schema short_desc="An láimhseálaí le haghaidh URLanna &quot;gg&quot;">
								<longdesc>An t-ordú chun URLanna &quot;gg&quot; a láimhseáil.</longdesc>
							</local_schema>
						</entry>
						<entry name="enabled">
							<local_schema short_desc="Ar chóir don ordú sonraithe URLanna &quot;gg&quot; a láimhseáil">
								<longdesc>Fíor más mian leat URLanna &quot;gg&quot; a láimhseáil leis an ordú sa réimse &quot;command&quot;.</longdesc>
							</local_schema>
						</entry>
					</dir>
					<dir name="aim">
						<entry name="needs_terminal">
							<local_schema short_desc="Cuir an t-ordú i bhfeidhm i dteirminéal">
								<longdesc>Fíor más mian leat URLanna den chineál seo a láimhseáil le hordú i dteirminéal.</longdesc>
							</local_schema>
						</entry>
						<entry name="command">
							<local_schema short_desc="An láimhseálaí le haghaidh URLanna &quot;aim&quot;">
								<longdesc>An t-ordú chun URLanna &quot;aim&quot; a láimhseáil.</longdesc>
							</local_schema>
						</entry>
						<entry name="enabled">
							<local_schema short_desc="Ar chóir don ordú sonraithe URLanna &quot;aim&quot; a láimhseáil">
								<longdesc>Fíor más mian leat URLanna &quot;aim&quot; a láimhseáil leis an ordú sa réimse &quot;command&quot;.</longdesc>
							</local_schema>
						</entry>
					</dir>
				</dir>
			</dir>
		</dir>
	</dir>
</gconf>
