<?xml version="1.0"?>
<gconf>
	<dir name="schemas">
		<dir name="desktop">
			<dir name="gnome">
				<dir name="url-handlers">
					<dir name="xmpp">
						<entry name="needs_terminal" mtime="1632124611" type="schema" stype="bool" owner="purple">
							<local_schema locale="C" short_desc="Run the command in a terminal">
								<default type="bool" value="false"/>
								<longdesc>True if the command used to handle this type of URL should be run in a terminal.</longdesc>
							</local_schema>
						</entry>
						<entry name="command" mtime="1632124611" type="schema" stype="string" owner="purple">
							<local_schema locale="C" short_desc="The handler for &quot;xmpp&quot; URLs">
								<default type="string">
									<stringvalue>purple-url-handler &quot;%s&quot;</stringvalue>
								</default>
								<longdesc>The command used to handle &quot;xmpp&quot; URLs, if enabled.</longdesc>
							</local_schema>
						</entry>
						<entry name="enabled" mtime="1632124611" type="schema" stype="bool" owner="purple">
							<local_schema locale="C" short_desc="Whether the specified command should handle &quot;xmpp&quot; URLs">
								<default type="bool" value="true"/>
								<longdesc>True if the command specified in the &quot;command&quot; key should handle &quot;xmpp&quot; URLs.</longdesc>
							</local_schema>
						</entry>
					</dir>
					<dir name="sip">
						<entry name="needs_terminal" mtime="1632124611" type="schema" stype="bool" owner="purple">
							<local_schema locale="C" short_desc="Run the command in a terminal">
								<default type="bool" value="false"/>
								<longdesc>True if the command used to handle this type of URL should be run in a terminal.</longdesc>
							</local_schema>
						</entry>
						<entry name="command" mtime="1632124611" type="schema" stype="string" owner="purple">
							<local_schema locale="C" short_desc="The handler for &quot;sip&quot; URLs">
								<default type="string">
									<stringvalue>purple-url-handler &quot;%s&quot;</stringvalue>
								</default>
								<longdesc>The command used to handle &quot;sip&quot; URLs, if enabled.</longdesc>
							</local_schema>
						</entry>
						<entry name="enabled" mtime="1632124611" type="schema" stype="bool" owner="purple">
							<local_schema locale="C" short_desc="Whether the specified command should handle &quot;sip&quot; URLs">
								<default type="bool" value="true"/>
								<longdesc>True if the command specified in the &quot;command&quot; key should handle &quot;sip&quot; URLs.</longdesc>
							</local_schema>
						</entry>
					</dir>
					<dir name="irc">
						<entry name="needs_terminal" mtime="1632124611" type="schema" stype="bool" owner="purple">
							<local_schema locale="C" short_desc="Run the command in a terminal">
								<default type="bool" value="false"/>
								<longdesc>True if the command used to handle this type of URL should be run in a terminal.</longdesc>
							</local_schema>
						</entry>
						<entry name="command" mtime="1632124611" type="schema" stype="string" owner="purple">
							<local_schema locale="C" short_desc="The handler for &quot;irc&quot; URLs">
								<default type="string">
									<stringvalue>purple-url-handler &quot;%s&quot;</stringvalue>
								</default>
								<longdesc>The command used to handle &quot;irc&quot; URLs, if enabled.</longdesc>
							</local_schema>
						</entry>
						<entry name="enabled" mtime="1632124611" type="schema" stype="bool" owner="purple">
							<local_schema locale="C" short_desc="Whether the specified command should handle &quot;irc&quot; URLs">
								<default type="bool" value="true"/>
								<longdesc>True if the command specified in the &quot;command&quot; key should handle &quot;irc&quot; URLs.</longdesc>
							</local_schema>
						</entry>
					</dir>
					<dir name="icq">
						<entry name="needs_terminal" mtime="1632124611" type="schema" stype="bool" owner="purple">
							<local_schema locale="C" short_desc="Run the command in a terminal">
								<default type="bool" value="false"/>
								<longdesc>True if the command used to handle this type of URL should be run in a terminal.</longdesc>
							</local_schema>
						</entry>
						<entry name="command" mtime="1632124611" type="schema" stype="string" owner="purple">
							<local_schema locale="C" short_desc="The handler for &quot;icq&quot; URLs">
								<default type="string">
									<stringvalue>purple-url-handler &quot;%s&quot;</stringvalue>
								</default>
								<longdesc>The command used to handle &quot;icq&quot; URLs, if enabled.</longdesc>
							</local_schema>
						</entry>
						<entry name="enabled" mtime="1632124611" type="schema" stype="bool" owner="purple">
							<local_schema locale="C" short_desc="Whether the specified command should handle &quot;icq&quot; URLs">
								<default type="bool" value="true"/>
								<longdesc>True if the command specified in the &quot;command&quot; key should handle &quot;icq&quot; URLs.</longdesc>
							</local_schema>
						</entry>
					</dir>
					<dir name="gg">
						<entry name="needs_terminal" mtime="1632124611" type="schema" stype="bool" owner="purple">
							<local_schema locale="C" short_desc="Run the command in a terminal">
								<default type="bool" value="false"/>
								<longdesc>True if the command used to handle this type of URL should be run in a terminal.</longdesc>
							</local_schema>
						</entry>
						<entry name="command" mtime="1632124611" type="schema" stype="string" owner="purple">
							<local_schema locale="C" short_desc="The handler for &quot;gg&quot; URLs">
								<default type="string">
									<stringvalue>purple-url-handler &quot;%s&quot;</stringvalue>
								</default>
								<longdesc>The command used to handle &quot;gg&quot; URLs, if enabled.</longdesc>
							</local_schema>
						</entry>
						<entry name="enabled" mtime="1632124611" type="schema" stype="bool" owner="purple">
							<local_schema locale="C" short_desc="Whether the specified command should handle &quot;gg&quot; URLs">
								<default type="bool" value="true"/>
								<longdesc>True if the command specified in the &quot;command&quot; key should handle &quot;gg&quot; URLs.</longdesc>
							</local_schema>
						</entry>
					</dir>
					<dir name="aim">
						<entry name="needs_terminal" mtime="1632124611" type="schema" stype="bool" owner="purple">
							<local_schema locale="C" short_desc="Run the command in a terminal">
								<default type="bool" value="false"/>
								<longdesc>True if the command used to handle this type of URL should be run in a terminal.</longdesc>
							</local_schema>
						</entry>
						<entry name="command" mtime="1632124611" type="schema" stype="string" owner="purple">
							<local_schema locale="C" short_desc="The handler for &quot;aim&quot; URLs">
								<default type="string">
									<stringvalue>purple-url-handler &quot;%s&quot;</stringvalue>
								</default>
								<longdesc>The command used to handle &quot;aim&quot; URLs, if enabled.</longdesc>
							</local_schema>
						</entry>
						<entry name="enabled" mtime="1632124611" type="schema" stype="bool" owner="purple">
							<local_schema locale="C" short_desc="Whether the specified command should handle &quot;aim&quot; URLs">
								<default type="bool" value="true"/>
								<longdesc>True if the command specified in the &quot;command&quot; key should handle &quot;aim&quot; URLs.</longdesc>
							</local_schema>
						</entry>
					</dir>
				</dir>
			</dir>
		</dir>
	</dir>
	<dir name="desktop">
		<dir name="gnome">
			<dir name="url-handlers">
				<dir name="xmpp">
					<entry name="needs_terminal" mtime="1632124611" schema="/schemas/desktop/gnome/url-handlers/xmpp/needs_terminal"/>
					<entry name="command" mtime="1632124611" schema="/schemas/desktop/gnome/url-handlers/xmpp/command"/>
					<entry name="enabled" mtime="1632124611" schema="/schemas/desktop/gnome/url-handlers/xmpp/enabled"/>
				</dir>
				<dir name="sip">
					<entry name="needs_terminal" mtime="1632124611" schema="/schemas/desktop/gnome/url-handlers/sip/needs_terminal"/>
					<entry name="command" mtime="1632124611" schema="/schemas/desktop/gnome/url-handlers/sip/command"/>
					<entry name="enabled" mtime="1632124611" schema="/schemas/desktop/gnome/url-handlers/sip/enabled"/>
				</dir>
				<dir name="irc">
					<entry name="needs_terminal" mtime="1632124611" schema="/schemas/desktop/gnome/url-handlers/irc/needs_terminal"/>
					<entry name="command" mtime="1632124611" schema="/schemas/desktop/gnome/url-handlers/irc/command"/>
					<entry name="enabled" mtime="1632124611" schema="/schemas/desktop/gnome/url-handlers/irc/enabled"/>
				</dir>
				<dir name="icq">
					<entry name="needs_terminal" mtime="1632124611" schema="/schemas/desktop/gnome/url-handlers/icq/needs_terminal"/>
					<entry name="command" mtime="1632124611" schema="/schemas/desktop/gnome/url-handlers/icq/command"/>
					<entry name="enabled" mtime="1632124611" schema="/schemas/desktop/gnome/url-handlers/icq/enabled"/>
				</dir>
				<dir name="gg">
					<entry name="needs_terminal" mtime="1632124611" schema="/schemas/desktop/gnome/url-handlers/gg/needs_terminal"/>
					<entry name="command" mtime="1632124611" schema="/schemas/desktop/gnome/url-handlers/gg/command"/>
					<entry name="enabled" mtime="1632124611" schema="/schemas/desktop/gnome/url-handlers/gg/enabled"/>
				</dir>
				<dir name="aim">
					<entry name="needs_terminal" mtime="1632124611" schema="/schemas/desktop/gnome/url-handlers/aim/needs_terminal"/>
					<entry name="command" mtime="1632124611" schema="/schemas/desktop/gnome/url-handlers/aim/command"/>
					<entry name="enabled" mtime="1632124611" schema="/schemas/desktop/gnome/url-handlers/aim/enabled"/>
				</dir>
			</dir>
		</dir>
	</dir>
</gconf>
