<?xml version="1.0"?>
<gconf>
	<dir name="schemas">
		<dir name="desktop">
			<dir name="gnome">
				<dir name="url-handlers">
					<dir name="xmpp">
						<entry name="needs_terminal">
							<local_schema short_desc="Erounit an arc&apos;had en un dermenell">
								<longdesc>Gwir ma rank an arc&apos;had arveret evit dornata an doare URL-mañ bezañ erounezet en un dermenell.</longdesc>
							</local_schema>
						</entry>
						<entry name="command">
							<local_schema short_desc="Dornataour an URLoù &quot;xmpp&quot;">
								<longdesc>An arc&apos;had arveret evit dornata an URLoù &quot;xmpp&quot;, m&apos;eo gweredekaet.</longdesc>
							</local_schema>
						</entry>
						<entry name="enabled">
							<local_schema short_desc="Penaos e rank an arc&apos;had dornata URLoù &quot;xmpp&quot;">
								<longdesc>Gwir ma rank an arc&apos;had erspizet gant an alc&apos;hwez &quot;arc&apos;had&quot; dornata URLoù &quot;xmpp&quot;.</longdesc>
							</local_schema>
						</entry>
					</dir>
					<dir name="sip">
						<entry name="needs_terminal">
							<local_schema short_desc="Erounit an arc&apos;had en un dermenell">
								<longdesc>Gwir ma rank an arc&apos;had arveret evit dornata an doare URL-mañ bezañ erounezet en un dermenell.</longdesc>
							</local_schema>
						</entry>
						<entry name="command">
							<local_schema short_desc="Dornataour an URLoù &quot;sip&quot;">
								<longdesc>An arc&apos;had arveret evit dornata an URLoù &quot;sip&quot;, m&apos;eo gweredekaet.</longdesc>
							</local_schema>
						</entry>
						<entry name="enabled">
							<local_schema short_desc="Penaos e rank an arc&apos;had dornata URLoù &quot;sip&quot;">
								<longdesc>Gwir ma rank an arc&apos;had erspizet gant an alc&apos;hwez &quot;arc&apos;had&quot; dornata URLoù &quot;sip&quot;.</longdesc>
							</local_schema>
						</entry>
					</dir>
					<dir name="irc">
						<entry name="needs_terminal">
							<local_schema short_desc="Erounit an arc&apos;had en un dermenell">
								<longdesc>Gwir ma rank an arc&apos;had arveret evit dornata an doare URL-mañ bezañ erounezet en un dermenell.</longdesc>
							</local_schema>
						</entry>
						<entry name="command">
							<local_schema short_desc="Dornataour an URLoù &quot;irc&quot;">
								<longdesc>An arc&apos;had arveret evit dornata an URLoù &quot;irc&quot;, m&apos;eo gweredekaet.</longdesc>
							</local_schema>
						</entry>
						<entry name="enabled">
							<local_schema short_desc="Penaos e rank an arc&apos;had dornata URLoù &quot;irc&quot;">
								<longdesc>Gwir ma rank an arc&apos;had erspizet gant an alc&apos;hwez &quot;arc&apos;had&quot; dornata URLoù &quot;irc&quot;.</longdesc>
							</local_schema>
						</entry>
					</dir>
					<dir name="icq">
						<entry name="needs_terminal">
							<local_schema short_desc="Erounit an arc&apos;had en un dermenell">
								<longdesc>Gwir ma rank an arc&apos;had arveret evit dornata an doare URL-mañ bezañ erounezet en un dermenell.</longdesc>
							</local_schema>
						</entry>
						<entry name="command">
							<local_schema short_desc="Dornataour an URLoù &quot;icq&quot;">
								<longdesc>An arc&apos;had arveret evit dornata an URLoù &quot;icq&quot;, m&apos;eo gweredekaet.</longdesc>
							</local_schema>
						</entry>
						<entry name="enabled">
							<local_schema short_desc="Penaos e rank an arc&apos;had dornata URLoù &quot;icq&quot;">
								<longdesc>Gwir ma rank an arc&apos;had erspizet gant an alc&apos;hwez &quot;arc&apos;had&quot; dornata URLoù &quot;icq&quot;.</longdesc>
							</local_schema>
						</entry>
					</dir>
					<dir name="gg">
						<entry name="needs_terminal">
							<local_schema short_desc="Erounit an arc&apos;had en un dermenell">
								<longdesc>Gwir ma rank an arc&apos;had arveret evit dornata an doare URL-mañ bezañ erounezet en un dermenell.</longdesc>
							</local_schema>
						</entry>
						<entry name="command">
							<local_schema short_desc="Dornataour URLoù gg">
								<longdesc>An arc&apos;had arveret evit dornata URLoù &quot;gg&quot;, m&apos;eo gweredekaet.</longdesc>
							</local_schema>
						</entry>
						<entry name="enabled">
							<local_schema short_desc="Ma rank an arc&apos;had erspizet dornata URLoù &quot;gg&quot;">
								<longdesc>Gwir ma rank an arc&apos;had erspizet en alc&apos;hwez &quot;arc&apos;had&quot; dornata URLoù &quot;gg&quot;.</longdesc>
							</local_schema>
						</entry>
					</dir>
					<dir name="aim">
						<entry name="needs_terminal">
							<local_schema short_desc="Erounit an arc&apos;had en un dermenell">
								<longdesc>Gwir ma rank an arc&apos;had arveret evit dornata an doare URL-mañ bezañ erounezet en un dermenell.</longdesc>
							</local_schema>
						</entry>
						<entry name="command">
							<local_schema short_desc="Dornataour an URLoù aim">
								<longdesc>An arc&apos;had arveret evit dornata an URLoù &quot;aim&quot;, m&apos;eo gweredekaet.</longdesc>
							</local_schema>
						</entry>
						<entry name="enabled">
							<local_schema short_desc="Penaos e rank an arc&apos;had dornata URLoù &quot;aim&quot;">
								<longdesc>Gwir ma rank an arc&apos;had erspizet gant an alc&apos;hwez &quot;arc&apos;had&quot; drnata URLoù &quot;aim&quot;.</longdesc>
							</local_schema>
						</entry>
					</dir>
				</dir>
			</dir>
		</dir>
	</dir>
</gconf>
