<?xml version="1.0"?>
<gconf>
	<dir name="schemas">
		<dir name="desktop">
			<dir name="gnome">
				<dir name="url-handlers">
					<dir name="xmpp">
						<entry name="needs_terminal">
							<local_schema short_desc="Kjør kommandoen i en terminal">
								<longdesc>Sann hvis kommandoen som skal håndtere denne type URL-er skal kjøres i en terminal.</longdesc>
							</local_schema>
						</entry>
						<entry name="command">
							<local_schema short_desc="Håndterer for «xmpp»-URL-er">
								<longdesc>Kommando for å håndtere «xmpp»-URL-er, hvis aktivert.</longdesc>
							</local_schema>
						</entry>
						<entry name="enabled">
							<local_schema short_desc="Om den spesifike kommandoen skal håndtere «xmpp»-URL-er">
								<longdesc>Sann hvis kommandoen spesifisert i «kommando»-nøkkelen skal håndtere «xmpp»-URL-er.</longdesc>
							</local_schema>
						</entry>
					</dir>
					<dir name="sip">
						<entry name="needs_terminal">
							<local_schema short_desc="Kjør kommandoen i en terminal">
								<longdesc>Sann hvis kommandoen som skal håndtere denne type URL-er skal kjøres i en terminal.</longdesc>
							</local_schema>
						</entry>
						<entry name="command">
							<local_schema short_desc="Håndtereren for «sip»-URL-er">
								<longdesc>Kommando for å håndtere «sip»-URL-er, hvis aktivert.</longdesc>
							</local_schema>
						</entry>
						<entry name="enabled">
							<local_schema short_desc="Om den spesifike kommandoen skal håndtere «sip»-URL-er">
								<longdesc>Sann hvis kommandoen spesifisert i «kommando»-nøkkelen skal håndtere «sip»-URL-er.</longdesc>
							</local_schema>
						</entry>
					</dir>
					<dir name="irc">
						<entry name="needs_terminal">
							<local_schema short_desc="Kjør kommandoen i en terminal">
								<longdesc>Sann hvis kommandoen som skal håndtere denne type URL-er skal kjøres i en terminal.</longdesc>
							</local_schema>
						</entry>
						<entry name="command">
							<local_schema short_desc="Håndtereren for «irc»-URL-er">
								<longdesc>Kommando for å håndtere «irc»-URL-er, hvis aktivert.</longdesc>
							</local_schema>
						</entry>
						<entry name="enabled">
							<local_schema short_desc="Om den spesifike kommandoen skal håndtere «irc»-URL-er">
								<longdesc>Sann hvis kommandoen spesifisert i «kommando»-nøkkelen skal håndtere «irc»-URL-er.</longdesc>
							</local_schema>
						</entry>
					</dir>
					<dir name="icq">
						<entry name="needs_terminal">
							<local_schema short_desc="Kjør kommandoen i en terminal">
								<longdesc>Sann hvis kommandoen som skal håndtere denne type URL-er skal kjøres i en terminal.</longdesc>
							</local_schema>
						</entry>
						<entry name="command">
							<local_schema short_desc="Håndtereren for «icq»-URL-er">
								<longdesc>Kommando for å håndtere «icq»-URL-er, hvis aktivert.</longdesc>
							</local_schema>
						</entry>
						<entry name="enabled">
							<local_schema short_desc="Om den spesifike kommandoen skal håndtere «icq»-URL-er">
								<longdesc>Sann hvis kommandoen spesifisert i «kommando»-nøkkelen skal håndtere «icq»-URL-er.</longdesc>
							</local_schema>
						</entry>
					</dir>
					<dir name="gg">
						<entry name="needs_terminal">
							<local_schema short_desc="Kjør kommandoen i en terminal">
								<longdesc>Sann hvis kommandoen som skal håndtere denne type URL-er skal kjøres i en terminal.</longdesc>
							</local_schema>
						</entry>
						<entry name="command">
							<local_schema short_desc="Håndtereren for «gg»-URL-er">
								<longdesc>Kommando for å håndtere «gg»-URL-er, hvis aktivert.</longdesc>
							</local_schema>
						</entry>
						<entry name="enabled">
							<local_schema short_desc="Om den spesifike kommandoen skal håndtere «gg»-URL-er">
								<longdesc>Sann hvis kommandoen spesifisert i «kommando»-nøkkelen skal håndtere «gg»-URL-er.</longdesc>
							</local_schema>
						</entry>
					</dir>
					<dir name="aim">
						<entry name="needs_terminal">
							<local_schema short_desc="Kjør kommandoen i en terminal">
								<longdesc>Sann hvis kommandoen som skal håndtere denne type URL-er skal kjøres i en terminal.</longdesc>
							</local_schema>
						</entry>
						<entry name="command">
							<local_schema short_desc="Håndtereren for «aim»-URL-er">
								<longdesc>Kommando for å håndtere «aim»-URL-er, hvis aktivert.</longdesc>
							</local_schema>
						</entry>
						<entry name="enabled">
							<local_schema short_desc="Om den spesifike kommandoen skal håndtere «aim»-URL-er">
								<longdesc>Sann hvis kommandoen spesifisert i «kommando»-nøkkelen skal håndtere «aim»-URL-er.</longdesc>
							</local_schema>
						</entry>
					</dir>
				</dir>
			</dir>
		</dir>
	</dir>
</gconf>
